source,target
проблема,нога
проблему,ногу
подобная,нужная
подобный,нужный
стран,мыслей
страной,мыслью
части,организации
частью,организацией
последний,политический
последняя,политическая
данные,утро
данными,утром
необходимая,важная
необходимый,важный
ролей,недель
ролью,неделей
рубль,рынок
рубля,рынка
разговор,процесс
разговора,процесса
квартира,ситуация
квартиру,ситуацию
значение,образование
значения,образования
новая,внутренняя
новый,внутренний
предприятие,сообщение
предприятия,сообщения
местная,маленькая
местный,маленький
различное,обычное
различный,обычный
центр,доллар
центра,доллара
похожая,великая
похожий,великий
управлению,солнцу
управления,солнца
международная,личная
международный,личный
сильная,способная
сильный,способный
граница,картина
границу,картину
работа,половина
работу,половину
культура,гора
культуру,гору
экономическая,широкая
экономический,широкий
войско,чувство
возраст,палец
возраста,пальца
счастью,знанию
счастья,знания
фирма,страница
фирму,страницу
звук,бизнес
звука,бизнеса
рассказ,способ
рассказа,способа
база,судьба
базу,судьбу
конкретная,собственная
конкретный,собственный
май,совет
мая,совета
открытая,долгая
открытый,долгий
успех,договор
успеха,договора
скорости,боли
скорость,боль
помощи,способности
помощь,способность
факт,январь
факта,января
фильм,регион
фильма,региона
линию,победу
линия,победа
списка,августа
список,август
современная,соответствующая
современный,соответствующий
роман,сентябрь
романа,сентября
источник,университет
источника,университета
правильная,глубокая
правильный,глубокий
период,автомобиль
периода,автомобиля
высшая,финансовая
высший,финансовый
проект,запад
проекта,запада
равное,дополнительное
равный,дополнительный
услуга,федерация
услугу,федерацию
очереди,болезни
очередь,болезнь
социальная,значительная
социальный,значительный
искусства,явления
искусство,явление
высокая,информационная
высокий,информационный
текст,форум
текста,форума
физическая,нынешняя
физический,нынешний
традицию,функцию
традиция,функция
разная,естественная
разный,естественный
научная,массовая
научный,массовый
смысл,карман
смысла,кармана
природа,сотня
природу,сотню
странная,яркая
странный,яркий
сложная,официальная
сложный,официальный
духовная,мелкая
духовный,мелкий
сожаление,применение
сожалению,применению
игра,планета
игру,планету
течение,поколение
течения,поколения
взгляд,организм
взгляда,организма
зависимости,особенности
зависимость,особенность
лучшая,сегодняшняя
лучший,сегодняшний
создание,помещение
создания,помещения
опасная,верная
опасный,верный
адрес,лагерь
адреса,лагеря
славой,реальностью
огромная,традиционная
огромный,традиционный
жизней,зон
жизнью,зоной
позднее,бедное
поздний,бедный
апрель,бюджет
апреля,бюджета
вариант,этаж
варианта,этажа
личности,лошади
личность,лошадь
коридор,перевод
коридора,перевода
схема,администрация
схему,администрацию
попытка,красота
попытку,красоту
европейская,восточная
европейский,восточный
нормальная,знаменитая
нормальный,знаменитый
радости,фамилии
радостью,фамилией
кресле,издании
кресло,издание
умная,медицинская
умный,медицинский
ясное,железное
ясный,железный
известная,культурная
известный,культурный
музей,конфликт
музея,конфликта
предыдущая,техническая
предыдущий,технический
народное,раннее
народный,ранний
улыбка,камера
улыбку,камеру
событие,преступление
события,преступления
территорию,эпоху
территория,эпоха
творческий,здоровый
творческое,здоровое
пример,недостаток
примера,недостатка
человеческая,эффективная
человеческий,эффективный
правительства,изучения
правительство,изучение
риск,отряд
риска,отряда
очередная,южная
очередное,южное
высота,водка
высоту,водку
середина,беседа
середину,беседу
контакт,километр
контакта,километра
комментарий,ресурс
комментария,ресурса
руководства,мероприятия
руководство,мероприятие
профессиональная,связанная
профессиональный,связанный
подготовка,реформа
подготовку,реформу
историей,обязанностью
истории,обязанности
бывшая,отечественная
бывший,отечественный
обстоятельства,оборудования
обстоятельство,оборудование
перед,диск
волю,шею
воля,шея
командой,действительностью
наличие,чтение
наличия,чтения
желание,убийство
желания,убийства
крупное,религиозное
крупный,религиозный
достоинства,заявления
достоинство,заявление
родина,серия
родину,серию
торговая,верхняя
торговый,верхний
чужая,узкая
чужое,узкое
идею,зарплату
идея,зарплата
пользователь,зритель
пользователя,зрителя
хозяйство,законодательство
хозяйству,законодательству
защита,логика
защиту,логику
предмет,флот
предмета,флота
фронт,кризис
фронта,кризиса
озеро,обсуждение
озеру,обсуждению
использование,принятие
использования,принятия
операцию,характеристику
операция,характеристика
федеральная,совместная
федеральный,совместный
горячая,индивидуальная
горячий,индивидуальный
слеза,темнота
слезу,темноту
канал,минимум
канала,минимума
рост,эксперимент
росту,эксперименту
секунда,погода
секунду,погоду
общение,воспитание
общения,воспитания
продажа,тенденция
продажу,тенденцию
морская,практическая
морское,практическое
положительное,соседнее
положительный,соседний
район,статус
района,статуса
тюрьма,религия
тюрьму,религию
единственная,независимая
единственный,независимый
действие,объяснение
действия,объяснения
положение,сотрудничество
положения,сотрудничества
соглашение,путешествие
соглашения,путешествия
прежний,существенный
прежняя,существенная
наука,империя
науку,империю
правда,цивилизация
правду,цивилизацию
полезная,денежная
полезный,денежный
югом,разумом
югу,разуму
невозможное,редкое
невозможный,редкий
категорию,ставку
категория,ставка
объект,стакан
объекта,стакана
стремление,окончание
стремления,окончания
бутылка,забота
бутылку,заботу
небольшая,популярная
небольшое,популярное
кухню,субботу
кухня,суббота
центральная,очевидная
центральный,очевидный
нарушение,вещество
нарушения,вещества
месяц,коллектив
месяца,коллектива
гражданская,деревянная
гражданский,деревянный
задний,коммерческий
задняя,коммерческая
теорию,кампанию
теория,кампания
ухо,заболевание
ухом,заболеванием
множества,утверждения
множество,утверждение
устройстве,приложении
устройство,приложение
резкая,удивительная
резкий,удивительный
охрана,пятница
охрану,пятницу
отсутствие,кольцо
отсутствия,кольца
точная,обязательная
точный,обязательный
западная,сельская
западный,сельский
строгая,семейная
строгий,семейный
постоянная,противоположная
постоянный,противоположный
основная,окружающая
основное,окружающее
внешний,уникальный
внешняя,уникальная
связей,эмоций
связи,эмоции
прошлой,рекламной
прошлый,рекламный
длинная,воздушная
длинный,воздушный
институтом,менеджером
институту,менеджеру
музыкальная,разумная
музыкальный,разумный
степеней,инвестиций
степени,инвестиции
женская,успешная
женский,успешный
выступление,облако
выступления,облака
литературная,таковая
литературное,таковое
здоровью,указанию
здоровья,указания
свободная,вынужденная
свободный,вынужденный
лодка,атмосфера
лодку,атмосферу
дождь,отель
дождя,отеля
материал,архив
материала,архива
аппарат,аспект
аппарате,аспекте
эффект,океан
эффекта,океана
детский,налоговый
детское,налоговое
существование,сохранение
существования,сохранения
тела,умения
тело,умение
демократию,стадию
демократия,стадия
происхождение,телевидение
происхождению,телевидению
ума,вуза
уму,вузу
анализ,двигатель
анализа,двигателя
достойное,длительное
достойный,длительный
комитет,талант
комитета,таланта
иностранные,голые
иностранный,голый
технологию,дискуссию
технология,дискуссия
имелся,осуществлялся
иметься,осуществляться
острая,непонятная
острый,непонятный
кровати,совести
кровать,совесть
килограмм,наркотик
килограмма,наркотика
обращение,сообщество
обращения,сообщества
стратегию,премию
стратегия,премия
судебная,рыночная
судебный,рыночный
механизм,сценарий
механизма,сценария
реакцию,ассоциацию
реакция,ассоциация
языке,темпе
языком,темпом
декабрь,маршрут
декабря,маршрута
электронная,необычная
электронный,необычный
лишнее,демократическое
лишний,демократический
материальная,бесплатная
материальный,бесплатный
капитал,аргумент
капитала,аргумента
понедельник,запрос
понедельника,запроса
система,нужда
систему,нужду
диван,формат
дивана,формата
британский,достаточный
британское,достаточное
ценная,существующая
ценный,существующий
уход,пистолет
ухода,пистолета
отличные,промышленные
отличный,промышленный
регистрацию,бомбу
регистрация,бомба
оценка,башня
оценку,башню
мировое,верховное
мировые,верховные
абсолютное,жестокое
абсолютный,жестокий
привычка,свадьба
привычки,свадьбы
целая,качественная
целый,качественный
республика,карточка
республику,карточку
трудная,аналогичная
трудный,аналогичный
камень,препарат
камня,препарата
весело,тяжело
корабль,сезон
корабля,сезона
историческая,исходная
исторический,исходный
исключение,обязательство
исключения,обязательства
прибыли,активности
прибыль,активность
обратная,минимальная
обратный,минимальный
вокзал,код
вокзала,кода
отношение,страдание
отношения,страдания
революцию,гарантию
революция,гарантия
достижение,изделие
достижения,изделия
психологическая,нервная
психологический,нервный
ограничений,тест
крайний,явный
крайняя,явная
милицию,пулю
милиция,пуля
изменение,воображение
изменении,воображении
разнообразная,идеальная
разнообразный,идеальный
давление,стихотворение
давлением,стихотворением
куча,методика
кучи,методики
произведение,одиночество
произведения,одиночества
потенциал,салон
потенциала,салона
сознание,столетие
сознания,столетия
скромная,объективная
скромный,объективный
вершина,трагедия
вершину,трагедию
вагон,четверг
вагона,четверга
тема,частота
тему,частоту
направление,финансирование
направлению,финансированию
публикацию,идеологию
публикация,идеология
земного,отрицательного
земную,отрицательную
задание,убеждение
заданию,убеждению
телевизор,литр
телевизора,литра
природная,крупнейшая
природный,крупнейший
праздник,учебник
праздника,учебника
зарубежного,правового
зарубежные,правовые
страшная,потенциальная
страшный,потенциальный
заказ,идеал
заказу,идеалу
магазин,парламент
магазина,парламента
понятное,эмоциональное
понятный,эмоциональный
сигнал,городок
сигнала,городка
тайное,приличное
тайный,приличный
злая,итальянская
злое,итальянское
фраза,пенсия
фразу,пенсию
предложение,единство
предложения,единства
могила,статистика
могилу,статистику
влияние,десятилетие
влиянии,десятилетии
бесконечные,печальные
бесконечный,печальный
ожидание,улучшение
ожидания,улучшения
условие,яблоко
условием,яблоком
прогресс,автомат
прогресса,автомата
стандартные,выгодные
стандартный,выгодный
рамка,корпорация
рамок,корпораций
меч,миф
меча,мифа
причина,маска
причину,маску
дикая,письменная
дикий,письменный
германская,инвестиционная
германский,инвестиционный
потребностей,студий
выход,авторитет
выхода,авторитета
мягкая,подлинная
мягкий,подлинный
светлая,предварительная
светлый,предварительный
одинокие,экологические
одинокий,экологический
портрет,вклад
портрета,вклада
проявлялась,наблюдалась
проявляться,наблюдаться
союз,металл
союза,металла
боевая,теоретическая
боевое,теоретическое
катастрофа,рубашка
катастрофу,рубашку
качество,окружение
качеству,окружению
замечательная,справедливая
замечательный,справедливый
скорое,окончательное
скорый,окончательный
горький,удачный
горькую,удачную
довольные,критические
довольный,критический
спокойное,негативное
спокойный,негативный
прозрачные,оперативные
прозрачный,оперативный
фонд,прогноз
фонда,прогноза
еврейский,публичный
еврейское,публичное
лестница,тонна
лестницу,тонну
предел,сахар
пределом,сахаром
следствие,вооружение
следствия,вооружения
длина,справка
длину,справку
вторник,съезд
вторника,съезда
труп,гнев
трупа,гнева
трудовая,церковная
трудовое,церковное
честное,недавнее
честный,недавний
польза,долина
пользу,долину
юные,законные
юный,законный
цепи,благодарности
цепь,благодарность
продолжение,отчаяние
продолжения,отчаяния
мобильная,революционная
мобильный,революционный
производственная,взаимная
производственный,взаимный
возможностей,легенд
возможностью,легендой
соответствие,установление
соответствия,установления
смешной,цифровой
смешные,цифровые
перспектива,тарелка
перспективу,тарелку
сексуальная,благородная
сексуальный,благородный
письме,познании
письмо,познание
уважаемого,муниципального
уважаемый,муниципальный
горные,виртуальные
горный,виртуальный
возможная,тесная
возможный,тесный
громкий,законодательный
громкое,законодательное
толстая,электрическая
толстый,электрический
ближайшее,гигантское
ближайший,гигантский
нож,словарь
ножа,словаря
дурно,медленно
сухая,вредная
сухое,вредное
активная,технологическая
активный,технологический
областная,нравственная
областные,нравственные
структура,поставка
структуру,поставку
северная,закрытая
северный,закрытый
мокрая,математическая
мокрый,математический
офис,указ
офиса,указа
нацию,лампу
нация,лампа
крутого,актуального
крутые,актуальные
рубежи,ветераны
мечта,прогулка
мечту,прогулку
рисовать,комментировать
рисуют,комментируют
количества,уничтожения
количество,уничтожение
появление,расследование
появления,расследования
понятие,соотношение
понятия,соотношения
ветка,мышца
ветки,мышцы
участие,укрепление
участия,укрепления
свеча,пещера
свечах,пещерах
великолепная,энергетическая
великолепный,энергетический
образовательная,всемирная
образовательный,всемирный
большая,совершенная
больший,совершенный
компонент,греческий
компонента,греческого
уверенные,талантливые
уверенный,талантливый
богатства,препятствия
богатство,препятствие
диалог,матч
диалога,матча
различие,подтверждение
различия,подтверждения
дневник,департамент
дневника,департамента
статью,элиту
статья,элита
формула,батарея
формулу,батарею
возникновение,послание
возникновения,послания
туалет,рассвет
туалета,рассвета
конкурс,склон
конкурса,склона
сомнение,перо
сомнению,перу
городская,модная
городское,модное
ужас,толк
ужаса,толка
королевские,книжные
королевский,книжный
занятие,любопытство
занятия,любопытства
масштаб,подвиг
масштабом,подвигом
сюжет,нерв
сюжета,нерва
спальню,иллюзию
спальня,иллюзия
работник,гений
работника,гения
типичная,радостная
типичный,радостный
нижний,социалистический
нижняя,социалистическая
население,продвижение
населения,продвижения
будущая,наибольшая
будущий,наибольший
домик,протест
домика,протеста
храм,запрет
храма,запрета
ядерное,повышенное
ядерный,повышенный
контекст,бассейн
контекста,бассейна
игрушка,заявка
игрушку,заявку
карта,валюта
карту,валюту
младшая,системная
младший,системный
грозного,неизбежного
грозный,неизбежный
доска,копейка
доски,копейки
восторг,баланс
восторга,баланса
собрание,подозрение
собранию,подозрению
температура,виза
температуры,визы
потолка,фрагмента
потолок,фрагмент
освобождение,семейство
освобождению,семейству
важнейшая,атомная
важнейший,атомный
классические,благоприятные
классический,благоприятный
усилие,обещание
усилия,обещания
пункте,следователе
пункту,следователю
стиль,приезд
стиля,приезда
трудности,ветви
трудность,ветвь
истинная,скрытая
истинный,скрытый
уголовное,коллективное
уголовный,коллективный
дальнейшая,биологическая
дальнейший,биологический
отраслей,миль
отраслях,милях
избирательная,посторонняя
избирательный,посторонний
грязная,либеральная
грязный,либеральный
привычная,бумажная
привычный,бумажный
бумага,выплата
бумагу,выплату
июнь,снимок
июня,снимка
торговлю,ложку
торговля,ложка
обучение,топливо
обучения,топлива
моральная,бессмысленная
моральный,бессмысленный
национальные,строительные
национальный,строительный
просьба,монета
просьбу,монету
несчастью,голосованию
несчастья,голосования
полгода,опрос
полугода,опроса
сетевая,фундаментальная
сетевые,фундаментальные
бесполезен,присущ
бесполезный,присущий
элемент,вирус
элемента,вируса
телефонные,бурные
телефонный,бурный
автобус,минус
автобусом,минусом
момент,арест
момента,ареста
кадр,тариф
кадра,тарифа
деловая,нефтяная
деловой,нефтяной
колесе,разделении
колесо,разделение
ученик,робот
ученика,робота
подарка,локтя
подарок,локоть
преобразование,посольство
преобразования,посольства
равновесие,регулирование
равновесия,регулирования
несчастная,формальная
несчастный,формальный
замечание,спокойствие
замечанию,спокойствию
объединение,привлечение
объединению,привлечению
недвижимость,популярность
недвижимостью,популярностью
космос,чемпионат
космоса,чемпионата
конкуренцию,артиллерию
конкуренция,артиллерия
одежда,доставка
одежду,доставку
библиотека,гипотеза
библиотеку,гипотезу
алкоголь,отъезд
алкоголя,отъезда
сектор,лозунг
сектором,лозунгом
полномочие,развлечение
полномочия,развлечения
настоящая,принципиальная
настоящий,принципиальный
банк,турнир
банка,турнира
собеседнике,проспекте
собеседники,проспекты
налог,грузовик
налога,грузовика
металлическая,контрольная
металлический,контрольный
конференцию,аварию
конференция,авария
воскресенье,побережье
воскресенья,побережья
спорт,желудок
спорта,желудка
ограниченные,стеклянные
ограниченный,стеклянный
знак,тезис
знака,тезиса
опытные,значимые
опытный,значимый
реализацию,компенсацию
реализация,компенсация
поведение,христианство
поведению,христианству
готовности,рукописи
готовность,рукопись
поглядеть,хватить
претензий,таблеток
претензия,таблетка
вино,изготовление
вину,изготовлению
вещь,медаль
вещью,медалью
мнение,ведомство
мнению,ведомству
всеобщая,педагогическая
всеобщий,педагогический
театральном,правительственном
театральный,правительственный
римские,оптимальные
римский,оптимальный
памятник,развод
памятника,развода
искреннее,безопасное
искренний,безопасный
ствол,капитализм
ствола,капитализма
вечерний,могучий
вечерняя,могучая
специальная,фантастическая
специальный,фантастический
машина,картошка
машину,картошку
небесное,загадочное
небесный,загадочный
драгоценные,студенческие
драгоценный,студенческий
поток,конгресс
потока,конгресса
ужасная,идеологическая
ужасный,идеологический
флаг,штраф
флага,штрафа
документ,приоритет
документа,приоритета
газета,льгота
газетой,льготой
административная,повседневная
административный,повседневный
изображать,анализировать
внедрение,усиление
внедрения,усиления
благодарное,неверное
благодарный,неверный
песню,квалификацию
песня,квалификация
философские,незначительные
философский,незначительный
виноватого,незаконного
виноватый,незаконный
малейшие,снежные
малейший,снежный
характерная,президентская
характерный,президентский
мудро,скучно
немалое,действительное
немалый,действительный
философию,церемонию
философия,церемония
распространение,возбуждение
распространения,возбуждения
прекрасное,предстоящее
прекрасный,предстоящий
просмотр,экспорт
просмотра,экспорта
приятная,конституционная
приятный,конституционный
грязи,стабильности
грязь,стабильность
забавная,альтернативная
забавный,альтернативный
полицию,интерпретацию
полиция,интерпретация
отличие,железо
отличия,железа
контракт,госпиталь
контракта,госпиталя
сочетание,разнообразие
сочетанием,разнообразием
коммунистическая,первичная
коммунистический,первичный
всевозможный,кожаный
всевозможными,кожаными
ручка,биография
ручку,биографию
видные,гордые
видный,гордый
община,травма
общину,травму
мудрый,скучный
глобальное,непрерывное
глобальный,непрерывный
обработка,интеллигенция
обработку,интеллигенцию
неприятное,полноценное
неприятный,полноценный
правление,совершенство
правления,совершенства
продукцию,речку
продукция,речка
подразделение,величество
подразделения,величества
гостиница,каша
гостиницу,кашу
игрового,фашистского
игровые,фашистские
выпуск,диагноз
выпуска,диагноза
мер,иллюстрациям
мерой,иллюстрацией
круглая,сибирская
круглый,сибирский
тревога,интеграция
тревогу,интеграцию
упражнение,предпочтение
упражнения,предпочтения
инициатива,машинка
инициативу,машинку
критерий,топор
критерия,топора
строительства,воплощения
строительство,воплощение
ориентировались,распространялись
ориентироваться,распространяться
конверт,бензин
конверта,бензина
вход,коммунизм
входа,коммунизма
решающие,подземные
решающий,подземный
принцесс,дур
принцесса,дура
режим,сосуд
режима,сосуда
семинар,хаос
семинара,хаоса
ложная,трагическая
ложный,трагический
базовая,воинская
базовый,воинский
класс,ритуал
классу,ритуалу
квадратные,организационные
квадратный,организационный
любопытная,наивная
любопытный,наивный
опыт,дефицит
опыта,дефицита
отверстие,поддержание
отверстия,поддержания
своеобразная,крестьянская
своеобразный,крестьянский
выполнение,программирование
выполнению,программированию
утреннее,столичное
утренний,столичный
мрачная,телевизионная
мрачный,телевизионный
транспорт,алгоритм
транспорту,алгоритму
зле,освоении
злу,освоению
свойственной,относительной
свойственный,относительный
дурного,медленного
обычаев,кирпичей
обычай,кирпич
опасностей,клиник
опасностях,клиниках
нити,невозможности
нить,невозможность
сопротивление,раздражение
сопротивлением,раздражением
марка,инфляция
марку,инфляцию
страхового,локального
страховые,локальные
трубка,ширина
трубку,ширину
субъективная,нелепая
субъективный,нелепый
величина,модернизация
величину,модернизацию
поэма,крыса
поэмам,крысам
пожилая,газовая
пожилые,газовые
производство,разочарование
производству,разочарованию
известие,общежитие
известия,общежития
творчестве,гражданстве
творчество,гражданство
банковский,должный
банковского,должного
одеяло,мужество
одеялу,мужеству
волшебные,стабильные
волшебный,стабильный
секретное,жирное
секретный,жирный
невидимое,условное
невидимый,условный
мощная,адекватная
мощный,адекватный
земельные,таможенные
земельный,таможенный
собственности,продолжительности
собственность,продолжительность
публиковать,прятать
славное,радикальное
славный,радикальный
приговор,овощ
приговоры,овощи
сновидение,колебание
сновидений,колебаний
космические,виновные
космический,виновный
расположение,проживание
расположения,проживания
сервис,симптом
сервиса,симптома
мороз,переулок
мороза,переулка
транспортное,сомнительное
транспортный,сомнительный
бюджетная,болезненная
бюджетный,болезненный
билет,терроризм
билета,терроризма
резерв,обряд
резервом,обрядом
самостоятельное,видимое
самостоятельный,видимый
разработка,делегация
разработкой,делегацией
результат,трамвай
результате,трамвае
площадь,зависть
площадью,завистью
праздничные,роскошные
праздничный,роскошный
свобода,окраина
свободе,окраине
обширная,парламентская
обширный,парламентский
ванна,нота
ванне,ноте
губа,альтернатива
губы,альтернативы
христианская,специализированная
христианский,специализированный
лужа,героиня
лужу,героиню
многочисленная,перспективная
многочисленный,перспективный
перечень,гараж
перечне,гараже
подход,ген
подхода,гена
конечной,преступной
конечный,преступный
употребление,крыльцо
употребления,крыльца
финский,концентрацию
финского,концентрация
образец,спектр
образца,спектра
торжественная,чудовищная
торжественный,чудовищный
функционирование,недоумение
функционированием,недоумением
танк,ислам
танка,ислама
наилучшего,долгосрочного
наилучший,долгосрочный
фрукт,отклик
фруктов,откликов
абстрактные,регулярные
абстрактный,регулярный
указанной,неудачной
указанный,неудачный
куртка,паника
куртку,панику
снижение,сходство
снижения,сходства
позитивный,осторожный
позитивными,осторожными
заметное,этническое
заметный,этнический
карандаш,плакат
карандаши,плакаты
отдел,заработок
отдела,заработка
элементарная,новейшая
элементарный,новейший
невероятное,примитивное
невероятный,примитивный
сформировал,угадал
сформировать,угадать
жуткая,влажная
жуткий,влажный
обыкновенная,отвратительная
обыкновенный,отвратительный
послышаться,пригодиться
дворец,импульс
дворца,импульса
основание,приготовление
оснований,приготовлений
поражение,наследие
поражению,наследию
особенные,убитые
особенный,убитый
проявление,нетерпение
проявлением,нетерпением
экран,энтузиазм
экрана,энтузиазма
маркетинг,допрос
маркетинга,допроса
чеченские,авиационные
чеченский,авиационный
виска,сеанса
висок,сеанс
латинская,недостаточная
латинский,недостаточный
гениального,смертельного
гениальный,смертельный
жизненное,чрезвычайное
жизненный,чрезвычайный
вероятности,кисти
вероятность,кисть
густая,пенсионная
густые,пенсионные
сравнение,равенство
сравнения,равенства
предоставление,писание
предоставления,писания
медный,усталый
медным,усталым
ящик,континент
ящика,континента
специфический,агрессивный
специфическое,агрессивное
чудесный,уличный
чудесным,уличным
жилищная,индийская
жилищный,индийский
суждений,сокровищ
суждения,сокровища
средний,колоссальный
средняя,колоссальная
станцию,формулировку
станция,формулировка
точка,аналогия
точку,аналогию
рассуждение,содействие
печатная,тогдашняя
печатный,тогдашний
депрессией,колбасой
депрессия,колбаса
железнодорожное,территориальное
железнодорожный,территориальный
почва,иерархия
почву,иерархию
вопрос,стресс
вопроса,стресса
изложение,прибытие
изложения,прибытия
химический,цивилизованный
химическое,цивилизованное
изобретение,лишение
изобретением,лишением
программное,последовательное
программный,последовательный
полдень,кабель
полудню,кабелю
преимущества,возражения
преимущество,возражение
командование,прекращение
командования,прекращения
академию,грамоту
академия,грамота
лекцию,химию
лекция,химия
здание,тысячелетие
зданий,тысячелетий
расстояние,выживание
расстоянии,выживании
генерального,автономного
генеральный,автономный
разрешение,совпадение
разрешения,совпадения
рота,биржа
роту,биржу
заблуждение,поселение
заблуждений,поселений
дума,мотивация
думу,мотивацию
натуральная,буржуазная
натуральный,буржуазный
универсального,географического
универсальный,географический
насилие,оказание
насилия,оказания
паспорт,колледж
паспорте,колледже
беременную,новогоднюю
беременный,новогодний
мыслить,бормотать
обзор,клан
столица,сосна
столицу,сосну
полевая,валютная
полевые,валютные
подписи,классификации
подписью,классификацией
профессию,декларацию
профессия,декларация
священного,интенсивного
священный,интенсивный
хитрое,грамотное
хитрый,грамотный
этика,пирамида
этики,пирамиды
усталости,челюсти
усталость,челюсть
трасса,интонация
трассах,интонациях
уголки,стереотипы
уголок,стереотип
собачий,отчаянный
собачьего,отчаянного
кнопка,диссертация
кнопку,диссертацию
описание,преодоление
описания,преодоления
партийного,группового
партийном,групповом
мудрости,занятости
мудрость,занятость
журналист,гоголь
журналиста,гоголя
термин,стимул
термина,стимула
оригинального,избранного
оригинальный,избранный
царская,кадровая
царский,кадровый
уверенность,плотность
уверенностью,плотностью
вражеский,излишний
вражеских,излишних
пожелание,полотно
пожелания,полотна
профиль,аналог
профиля,аналога
максимальная,киевская
максимальный,киевский
каменная,капиталистическая
каменный,капиталистический
служебное,союзное
служебный,союзный
дворе,сегменте
дворы,сегментов
напитки,горшки
напиток,горшок
сумасшедшие,средневековые
сумасшедший,средневековый
откровение,дерьмо
заведение,величие
заведения,величия
поисковые,экспериментальные
поисковый,экспериментальный
дополнение,вложение
дополнения,вложения
освещение,исчезновение
освещении,исчезновении
склонность,редкость
склонностью,редкостью
битва,лига
битву,лигу
беда,клавиатура
беду,клавиатуру
сумма,аппаратура
сумму,аппаратуру
вечеринка,злоба
вечеринки,злобы
кончик,ролик
кончике,ролике
вывод,сарай
вывода,сарая
мирные,установленные
мирный,установленный
неудача,парочка
неудачу,парочку
студент,кролик
студента,кролика
нрав,барабан
нравы,барабаны
светский,платный
светское,платное
республиканский,минувший
республиканского,минувшего
обида,эра
обиду,эру
публика,рожа
публику,рожу
чуждая,властная
чуждый,властный
грамм,порок
грамма,порока
медицина,искра
медицину,искру
велосипед,оргазм
велосипеда,оргазма
порыв,парадокс
порывы,парадоксы
участка,кислорода
участок,кислород
масса,инстанция
массой,инстанцией
сфера,отмена
сферу,отмену
классная,крошечная
классный,крошечный
банальное,немногое
банальный,немногий
последующее,организованное
последующий,организованный
часто,недоступно
частый,недоступный
танковая,израильская
танковый,израильский
животный,заинтересованный
гуманитарная,прикладная
гуманитарные,прикладные
кабинет,диаметр
кабинета,диаметра
холм,аукцион
холма,аукциона
коэффициент,стон
коэффициентом,стоном
ненависть,противоположность
ненавистью,противоположностью
скрывается,теряется
скрываться,теряться
ласковые,символические
ласковый,символический
сессию,капусту
сессия,капуста
глухая,инновационная
глухую,инновационную
дружно,угодно
юридическая,розничная
юридический,розничный
носками,дизайнерами
носки,дизайнеры
блондинка,актриса
блондинки,актрисы
консультаций,жоп
консультация,жопа
ошибка,галактика
ошибке,галактике
груз,интерьер
груза,интерьера
прочая,олимпийская
прочий,олимпийский
громадное,статистическое
громадный,статистический
взятка,эскадрилья
намеревался,чувствовался
намереваться,чувствоваться
недр,рейтинга
недра,рейтинг
интеллектуальное,экспертное
интеллектуальный,экспертный
повторение,накопление
повторения,накопления
арабский,престижный
арабского,престижного
полнота,тропинка
полноте,тропинке
том,беспорядок
томе,беспорядке
оркестр,туризм
оркестра,туризма
состояние,веко
состоянию,веку
близкий,допустимый
близкого,допустимого
ритм,полюс
ритма,полюса
красавица,любовница
красавицы,любовницы
искусственно,нехорошо
искусственный,нехороший
вечная,жидкая
вечный,жидкий
недовольные,разбитые
недовольный,разбитый
испанская,убедительная
испанский,убедительный
ответ,массив
ответа,массива
открытие,излучение
открытием,излучением
добровольное,хрупкое
добровольный,хрупкий
жили,мелькали
жить,мелькать
цифра,адаптация
цифрой,адаптацией
повторного,дипломатического
повторный,дипломатический
ноябрь,фонтан
ноября,фонтана
решительной,страстной
решительный,страстный
весенний,конкурентный
весенняя,конкурентная
ванная,энциклопедия
ванную,энциклопедию
зерна,предпринимательству
зерном,предпринимательством
благотворительная,туристическая
благотворительный,туристический
здравоохранение,недоверие
здравоохранением,недоверием
кислота,олимпиада
кислоты,олимпиады
лечение,моделирование
лечения,моделирования
совершенствование,просвещение
совершенствования,просвещения
программа,лопата
программы,лопаты
бухгалтерский,провинциальный
бухгалтерского,провинциального
нормативной,благополучной
нормативный,благополучный
дама,богиня
дамы,богини
слабости,физиономии
размышление,передвижение
размышления,передвижения
операционная,прогрессивная
операционный,прогрессивный
логическая,классовая
логический,классовый
немо,изначально
грустное,чрезмерное
грустный,чрезмерный
ручном,завтрашнем
прошедшая,мусульманская
прошедший,мусульманский
переход,огурец
переходы,огурцы
закон,подоконник
закона,подоконника
комплексного,тщательного
комплексный,тщательный
дивизии,губернии
дивизия,губерния
мелочей,вик
осуществление,православие
осуществлению,православию
март,багаж
марта,багажа
толщина,девушка
толщину,девушку
пачка,нехватка
пачку,нехватку
урожай,синдром
урожая,синдрома
учреждение,сияние
учреждением,сиянием
основа,утрата
основу,утрату
парус,глагол
воздействие,обоснование
воздействия,обоснования
пустыню,открытку
пустыня,открытка
дальний,предвыборный
дальняя,предвыборная
жанр,цирк
жанра,цирка
октябрь,президиум
октября,президиума
откликнулся,обрушился
откликнуться,обрушиться
принцип,орех
принципа,ореха
палатка,секта
палатки,секты
близости,целостности
близость,целостность
научить,вообразить
социализм,террор
социализма,террора
поступление,уравнение
поступлений,уравнений
ремень,разбор
ремня,разбора
плоть,горечь
плотью,горечью
морали,мести
мораль,месть
линейные,католические
линейный,католический
проезд,пролетариат
проезда,пролетариата
сдача,география
сдачей,географией
плита,гимназия
плиту,гимназию
встречному,египетскому
встречный,египетский
кредитные,вероятные
кредитный,вероятный
грубая,генетическая
грубый,генетический
сочинение,поздравление
сочинения,поздравления
непосредственное,конструктивное
непосредственный,конструктивный
тревожное,солдатское
тревожный,солдатский
намерение,снятие
намерении,снятии
подводные,фальшивые
подводный,фальшивый
внезапные,достоверные
внезапный,достоверный
мотор,теракт
мотора,теракта
повести,древности
повесть,древность
статуи,метафоры
статуя,метафора
мистические,противоречивые
мистический,противоречивый
ощущение,преподавание
ощущению,преподаванию
постановка,глина
постановку,глину
альбом,взнос
альбомов,взносов
чистил,хвалил
чистить,хвалить
неподвижного,ленинского
неподвижный,ленинский
осколков,алтарей
осколок,алтарь
асфальт,референдум
асфальтом,референдумом
точности,биологии
точностью,биологией
хор,балет
хора,балета
частная,квалифицированная
частный,квалифицированный
устного,пушкинского
устный,пушкинский
молчаливые,документальные
молчаливый,документальный
протяжение,подсознание
протяжении,подсознании
акцию,трансформацию
акция,трансформация
чемодан,перенос
чемодана,переноса
винтовка,цензура
винтовку,цензуру
медсестра,птичка
потребительские,многолетние
потребительский,многолетний
пропаганда,шуба
пропаганду,шубу
игрок,петух
игрока,петуха
функциональные,немыслимые
функциональный,немыслимый
заветной,клинической
заветный,клинический
ровное,визуальное
ровный,визуальный
осенние,инженерные
осенний,инженерный
инструкций,ягод
инструкция,ягода
реклама,нитка
рекламу,нитку
защитная,уральская
защитный,уральский
поцелуй,гимн
посещение,пристрастие
посещений,пристрастий
поиск,синтез
поиска,синтеза
платье,ущелье
платья,ущелья
сайт,кристалл
сайта,кристалла
огненные,университетские
огненный,университетский
фильтр,пепел
фильтра,пепла
платка,избытка
платок,избыток
спорные,вычислительные
спорный,вычислительный
начинающие,зрелые
начинающий,зрелый
ячейка,страховка
ячейки,страховки
жевали,затрагивали
жевать,затрагивать
цикл,обыск
цикла,обыска
промышленность,чувствительность
промышленностью,чувствительностью
колодец,надзор
колодца,надзора
выдающиеся,косвенные
выдающийся,косвенный
умственные,органические
умственный,органический
процентная,террористическая
процентный,террористический
штурм,шоколад
штурма,шоколада
плавание,предисловие
плавании,предисловии
сердечная,ленивая
сердечный,ленивый
отрывок,оптимизм
турецкая,ошибочная
турецкий,ошибочный
бледное,периодическое
бледный,периодический
стрелкового,африканского
стрелковый,африканский
государства,унижения
государство,унижение
конфигурации,медитации
конфигурация,медитация
ока,прочтению
мрак,хит
панели,индивидуальности
панель,индивидуальность
секции,привилегии
секция,привилегия
проверка,струна
проверку,струну
лап,коалиций
лапа,коалиция
склонные,физиологические
склонный,физиологический
интеллект,грипп
интеллекта,гриппа
натура,уплата
натуру,уплату
дата,лыжа
даты,лыжи
дистанции,автоматизации
дистанция,автоматизация
прицелов,рад
таинственные,влиятельные
таинственный,влиятельный
разочаровать,пробежать
винт,плач
винта,плача
повышение,приветствие
повышения,приветствия
требование,осложнение
требований,осложнений
июль,инцидент
июля,инцидента
школьного,желанного
школьный,желанный
исполнительные,хронические
исполнительный,хронический
вопли,алмазы
вопль,алмаз
молотком,вдохновением
воскликнул,утонул
воскликнуть,утонуть
суета,экология
суету,экологию
бесчисленные,этические
бесчисленный,этический
специальностей,сталей
специальность,сталь
ненужное,оптическое
ненужный,оптический
деятельности,летописи
деятельность,летопись
ловушка,диктатура
ловушку,диктатуру
фантазий,поликлиник
фантазия,поликлиника
противоречие,налогообложение
противоречии,налогообложении
больница,закупка
больницу,закупку
подробности,шинели
подробность,шинель
позабыть,заговорить
становление,восхождение
становления,восхождения
санкцию,эмиграцию
санкция,эмиграция
эволюцию,сборку
эволюция,сборка
уровень,испуг
уровня,испуга
стандарт,соблазн
стандарты,соблазны
пошлин,похвал
пошлина,похвала
инстинкт,особняк
инстинкта,особняка
старинные,пресловутые
старинный,пресловутый
парк,хохот
парка,хохота
председатели,комары
председатель,комар
крайности,социологии
выгода,арена
выгоду,арену
авторские,наземные
авторский,наземный
рекомендации,коллегии
рекомендация,коллегия
аптека,репрессия
аптеках,репрессиях
диплом,приток
диплома,притока
чайная,имперская
чайный,имперский
приход,паровоз
прихода,паровоза
ледяного,крепостного
ледяной,крепостной
раздумий,обобщений
обломки,дефекты
обломок,дефект
мощности,взаимосвязи
мощность,взаимосвязь
переезд,тост
переезда,тоста
ракета,компетенция
ракетой,компетенцией
сырой,благой
сырых,благих
атрибут,свист
атрибутом,свистом
поручение,сено
обречь,настроить
выявление,братство
выявления,братства
языкового,умеренного
языковые,умеренные
эстетический,лондонский
эстетического,лондонского
имущества,отрицания
имущество,отрицание
пищевого,неблагоприятного
пищевые,неблагоприятные
конституцию,миграцию
конституция,миграция
товарищ,покойник
товарищи,покойники
футбольный,простейший
футбольных,простейших
мгновение,селение
мгновения,селения
вежливые,капитальные
вежливый,капитальный
плотно,несправедливо
плотный,несправедливый
влечение,попадание
влечения,попадания
взаимоотношение,землетрясение
взаимоотношения,землетрясения
изъяли,изготовили
изъять,изготовить
одетая,тоталитарная
одетый,тоталитарный
равнина,резолюция
равнину,резолюцию
птичий,экзотический
птичьи,экзотические
сытые,консервативные
сытый,консервативный
тематика,кража
тематику,кражу
невыносимые,лечебные
невыносимый,лечебный
ботинка,урана
буква,таможня
буквы,таможни
корпоративные,руководящие
корпоративный,руководящий
пехота,коробочка
комиссию,телегу
комиссия,телега
гитара,кличка
гитаре,кличке
сказка,амбиция
сказок,амбиций
дурацкий,растительный
дурацких,растительных
обеспечение,бессмертие
обеспечению,бессмертию
дискотека,репетиция
ограничение,тесто
задаваться,сопровождаться
задаются,сопровождаются
грех,отсек
греха,отсека
уважение,лезвие
уважения,лезвия
питание,проникновение
питанию,проникновению
ладони,конечности
ладонь,конечность
портить,приписывать
портят,приписывают
информацию,терминологию
информация,терминология
славянские,пригодные
славянский,пригодный
признание,обилие
признания,обилия
руль,гормон
руля,гормона
дружный,угодный
объяснялись,пробирались
объясняться,пробираться
жалоба,паутина
жалобу,паутину
свежая,принятая
свежий,принятый
пьян,бессилен
пьяный,бессильный
нежелание,седло
нежелании,седле
визит,полигон
визита,полигона
изба,журналистика
избе,журналистике
горизонтальные,больничные
горизонтальный,больничный
держава,модификация
державу,модификацию
министр,украинец
министры,украинцы
револьвер,бутерброд
пуговица,закуска
пуговицы,закуски
портфелем,почерком
портфель,почерк
подбородке,досуге
подбородок,досуг
вызов,реактор
вызова,реактора
тактический,постепенный
тактического,постепенного
антенна,бюрократия
антенной,бюрократией
туманные,санитарные
туманный,санитарный
цепочка,кандидатура
цепочку,кандидатуру
разгром,слог
разгрома,слога
кошмар,магнитофон
кошмара,магнитофона
радиостанции,оптимизации
радиостанция,оптимизация
рациональные,смешанные
рациональный,смешанный
экскурсия,пальма
сторона,провокация
сторону,провокацию
силовой,речной
силовых,речных
убытки,ориентиры
убыток,ориентир
повторяется,веселится
повторяться,веселиться
церкви,самостоятельности
церковь,самостоятельность
ресторан,национализм
ресторана,национализма
красивая,развитая
красивые,развитые
толпа,эпидемия
толпу,эпидемию
блестеть,дремать
непростое,показательное
непростые,показательные
выставка,электроника
выставку,электронику
античной,лекарственной
античный,лекарственный
необыкновенная,австрийская
необыкновенный,австрийский
любителей,орлов
парижская,аварийная
парижский,аварийный
подвал,патриотизм
аналитический,импортный
вера,яхта
басом,объективом
деяние,загрязнение
контора,альфа
контейнер,заход
переходный,отцовский
казна,минутка
облик,троллейбус
книжка,специализация
потребитель,паук
ткань,перепись
экзамен,тоннель
служба,молекула
средство,потомство
водитель,верблюд
необходимость,длительность
телефон,прирост
верхушка,листовка
порядочный,экстремальный
схватка,рубаха
противный,масштабный
доклад,дюйм
передний,эволюционный
ножка,разборка
самка,императрица
оплата,тайга
завод,помидор
материнский,проектный
знакомство,изобилие
субъект,упадок
оправдание,негодование
корзина,пшеница
решение,празднование
незаметный,беспомощный
разряд,ветерок
пытка,крона
тормоз,монолог
суровый,сравнительный
закономерностей,манипуляций
швейцарский,кирпичный
восстание,сало
скрипка,засада
достояние,разъяснение
плоский,резервный
могущественный,плановый
винить,сжимать
прекращаться,сообщаться
исполнение,соседство
верста,влаги
ясность,решимость
полярный,безработный
предсказание,мучение
энергия,вилла
совещание,банкротство
двойная,наглядная
могущество,безобразие
летний,партизанский
сходный,милицейский
генератор,обморок
портал,полуостров
титул,перец
клятва,будка
ракетный,непривычный
сущность,привлекательность
ядовитый,произвольный
воспроизведение,кормление
тротуар,контраст
входная,шахматная
ремонт,инсулин
враг,очевидец
трон,коктейль
парадоксальный,скользкий
копия,слюна
наслаждение,действо
пышный,демографический
грандиозный,избыточный
возмущение,уточнение
увлечение,недоразумение
трезвый,робкий
распахнуть,опровергнуть
страничка,калитка
стаж,спам
матрица,пословица
смысловой,огневой
перчатка,стипендия
фонарь,радиус
шутка,грамматика
злобный,ритуальный
печка,субстанция
мостик,банан
реальный,майский
брачный,присутствующий
превосходство,отопление
приказание,копыто
лицензия,методология
петь,впечатлять
стрела,дюжина
вспомогательный,изысканный
частица,вакансия
убежища,уведомления
инфекция,чистка
парад,рояль
одинаковый,патриотический
оборонительный,высочайший
производитель,фюрер
штат,электрон
надобность,медь
фондовый,штатный
нейтральный,обильный
коварный,зеркальный
чердак,промысел
полковник,заявитель
состав,вулкан
задача,бутылочка
героический,нелегальный
торт,гипноз
сознательный,идейный
линейка,сперма
сумка,годовщина
промежуточный,анонимный
воспитательный,лазерный
наступление,подражание
последствие,пьянство
равнодушный,безграничный
кран,легион
квартал,овраг
благе,пробуждении
куст,павильон
каталог,пирожок
силуэт,кант
благополучие,сбережение
стрельба,монархия
коммунальный,краткосрочный
цент,гудок
симпатичный,зависимый
магия,инерция
минута,очистка
беременность,солидарность
бегство,равнодушие
приемлемый,сухопутный
зеркало,сословие
покрытие,многообразие
завтрак,тополь
возмещение,разбирательство
свершиться,опомниться
звуковая,внушительная
телесный,старенький
изоляция,мэрия
неполный,месячный
тонкость,заросль
облигация,идентификация
доля,дискриминация
сочувствие,собеседование
роскошь,перила
внимательный,комфортный
партия,вариация
исключительный,разрушительный
обвинение,усмотрение
доставаться,подчиняться
объявление,ухудшение
расцвет,аквариум
смелый,продовольственный
автор,боярин
спад,героин
милосердие,вещание
фигура,эвакуация
подходящий,бюрократический
княгиня,собака
окрестность,спираль
кавказский,мгновенный
заключительный,нобелевский
затеять,утратить
даром,штыком
лидера,яка
производительный,насущный
нюанс,кустарник
злость,духовность
придерживаться,стыдиться
наследство,процветание
вечность,мишень
собор,розыск
государственность,боязнь
совокупность,законность
нежный,примерный
деталь,опухоль
плащ,пересмотр
учредить,превзойти
погибший,действенный
безупречный,содержательный
нахождение,несоответствие
прощение,самосознание
разгромить,проанализировать
дружеский,тематический
сказочный,забытый
разница,терраса
дневного,заграничного
блаженство,следование
персонал,эль
сериал,рис
коготь,предрассудок
бомбить,сочинять
схожий,юношеский
свидание,взятие
библия,автономия
повязка,педагогика
эшелон,рефлекс
удовлетворение,духовенство
пособие,затмение
солидный,ловкий
стратегический,оппозиционный
зрение,опоздание
забор,диабет
пасха,ступня
происшествие,злоупотребление
захват,девиз
выделение,копирование
кремль,суверенитет
зимний,неформальный
рабства,рифмы
менталитет,экспресс
клетка,ноздря
сувенир,возглас
вкусный,невиданный
получение,бешенство
всяческий,бархатный
слышный,подверженный
молочный,совокупный
случайность,педаль
клочок,зрачок
хотеться,доводиться
библейский,сторонний
душевный,спутниковый
открытость,целесообразность
лечить,копировать
милость,неприязнь
праведный,стойкий
добавка,сводка
служение,незнание
скульптура,геометрия
магический,загородный
спина,риторика
орудие,взаимопонимание
шумный,легальный
краска,монография
кусать,регулировать
смена,лихорадка
корейский,вялый
модуль,всплеск
мусорный,присяжный
внимание,ослабление
спасение,стимулирование
туча,парадигма
памятный,липкий
интеллигентный,музейный
региональный,небывалый
февраль,комсомол
элитный,нестандартный
ознакомиться,подружиться
дача,оккупация
всероссийский,садовый
неясный,умелый
дону,вывозу
ваза,кончина
министерство,полушарие
бесценный,берлинский
пауза,вибрация
процедура,сигара
целесообразный,своевременный
обстановка,гимнастика
законопроект,миллиметр
икра,резиденция
спичка,аллергия
восприятие,урегулирование
репутация,мобилизация
наказание,обострение
неправильный,лингвистический
звезда,пружина
концерт,эквивалент
деревня,косточка
размер,пригород
свисать,плакать
благосостояние,подкрепление
доверие,брюхо
подача,патология
блок,синоним
пространство,принуждение
символ,локомотив
давний,хирургический
враждебный,льготный
нравственность,доступность
придворный,беспокойный
отступление,единение
взор,материк
езда,мифология
бесконечность,параллель
оклад,кишечник
должностное,радиоактивное
откровенный,наступательный
сигарета,квота
колония,язва
подтверждаться,довольствоваться
устареть,вскричать
дыхание,воспаление
стыд,зенит
роковым,закономерным
официантка,муха
целостный,аграрный
прозвище,жалованье
отчуждение,воспроизводство
применимый,покорный
роза,болтовня
испуганный,геометрический
энергичный,справочный
скотина,сова
атака,вышка
белоснежный,геологический
фантастика,ассамблея
весть,гласность
экипаж,экспонат
эффективность,мечеть
вчерашний,электромагнитный
направленность,храбрость
дружественный,несложный
кастрюля,периферия
сапогами,островками
неотъемлемый,позорный
верность,доходность
неприличный,неуклюжий
пробка,реорганизация
почтовый,кризисный
уменьшение,поощрение
базар,гектар
персональный,одиночный
комфорт,цветочек
пронизывать,формулировать
излучать,грабить
солнечный,неуместный
грузовой,отраслевой
прогнозировать,нанимать
дисплей,концерн
здравый,приморский
бытовой,заводской
несомненный,пехотный
метр,инфаркт
уютный,плодотворный
занавес,шашлык
пребывать,нырять
фирменный,крылатый
норма,роса
единица,прививка
скудный,серийный
супермаркет,рацион
жажда,йоги
филиал,кашель
ограбить,пробормотать
мешок,иммунитет
расстрел,реализм
небо,переселение
уборка,теорема
последовательность,конкурентоспособность
спровоцировать,задушить
автоматический,подмосковный
отделение,преувеличение
волнение,местонахождение
сантиметр,мускул
опровержение,созерцание
умолчание,консульство
автомашина,этикетка
провал,дивиденд
бригада,губка
крымский,миниатюрный
мутный,неэффективный
выезд,фольклор
истина,забастовка
пластмассовый,сверхъестественный
отметка,орда
курение,понижение
богородица,пчела
яркость,полость
халат,достаток
порция,стабилизация
отпуск,матрас
воскресный,наблюдательный
бесплодный,сжатый
опасение,товарищество
предельный,суммарный
низший,грамматический
мафия,новизна
насчитываться,пересекаться
затрата,электростанция
гримаса,лопатка
хранителем,лаем
фракция,подсказка
палуба,раввин
экспертиза,линза
представление,бессилие
вмешательство,отравление
падение,верование
ненормальный,остроумный
шоколадный,мельчайший
замысел,недуг
поединок,перрон
поразительный,однообразный
честность,дуэль
странность,глубь
восторженный,неровный
страхование,превышение
карета,прописка
сокровенный,табачный
запуск,прецедент
тестирование,оживление
звено,охлаждение
презрение,ознакомление
прибрежный,ювелирный
бессознательный,чреватый
глубина,полемика
следственный,акустический
стремительный,потерянный
сделка,мачта
спешка,диаграмма
артист,лось
завершение,неравенство
отзываться,славиться
отставка,каска
рождественский,спальный
безумие,смирение
эрекция,строфа
стихийный,обоснованный
бетонный,спасательный
донесение,благородство
знатный,наименьший
резиновый,иранский
престарелый,состоятельный
морда,трата
совершенствоваться,высказываться
экспортный,деликатный
привлекательный,иракский
азиатский,катастрофический
худший,авторитарный
ничтожный,сербский
вакуум,выкуп
приписать,преподнести
быстрый,нацистский
социологический,хлебный
кишка,женитьба
пятно,мироздание
таблица,директива
гладкий,динамичный
построение,начинание
общественность,строгость
бульвар,триумф
чашечка,рента
контроль,ион
трактовать,превышать
ревность,ель
понизить,опубликовать
просторный,синтетический
внешность,метель
командировка,аксиома
спектакль,буддизм
скоростная,спасительная
пустынный,продуктивный
фотография,дина
концертный,красочный
техникум,стишок
аэродром,муниципалитет
идентичность,условность
невысокий,астрономический
наблюдение,нововведение
залог,алкоголизм
познавательный,безобразный
восстановление,приведение
сиденья,крестьянства
погоня,дипломатия
немедленный,экстренный
декоративный,стиральный
потребление,волокно
рюмка,ягодица
расхождение,княжество
синагога,струйка
джин,манифест
буквальный,милостивый
разрушение,таинство
примечательный,депутатский
истечение,трудоустройство
огонь,лепесток
погубить,опознать
подросток,стрелец
ниша,доработка
прошлогодний,веский
подписание,избавление
воспоминание,устремление
метаться,напрашиваться
насыщенный,идентичный
лента,опушка
обслуживать,совершенствовать
дверца,компартия
якорь,камешек
украшение,издевательство
грудное,ежемесячное
авиакомпания,коммерция
опора,ностальгия
шприц,иероглиф
столик,каприз
смертность,сливки
ослабить,затаить
повестка,отвага
слуга,страховщик
чуткий,корректный
переворот,клинок
подозрительный,общечеловеческий
отдача,бессонница
замкнутый,дальневосточный
испытание,приличие
буйный,непременный
информатика,маршрутка
парик,ожог
расстегнуть,раздобыть
воровать,преувеличивать
отказ,насос
интересный,говорящий
озадачить,повысить
криминальный,профилактический
землянка,галлюцинация
конный,алтайский
готовый,сердитый
выкупить,затянуть
площадка,котлета
капризный,неловкий
архивный,дошкольный
скамейка,аргументация
шанс,трибунал
стальные,патологические
синяк,лицей
бомбардировка,самооценка
олигархи,стебли
старший,изрядный
венгерский,разговорный
зрелость,роспись
тотальный,циничный
присяга,резина
конвенция,паста
благословение,новшество
носовой,теневой
предотвращение,огорчение
наружный,иудейский
прощальный,сочный
стержень,компас
обаятельный,пухлый
напоминание,переключение
добыча,реставрация
родные,развивающиеся
старт,водород
листочек,материализм
предположение,созвездие
заговор,погром
золотистый,преждевременный
оскорблять,лепить
блокнот,миллиграмм
ранг,мятеж
оспаривать,съедать
интенсивность,лояльность
стройный,скандальный
навалиться,потеряться
пациентка,ласточка
эфир,цинизм
опорный,винный
господство,дворянство
учитель,подонок
беспощадный,терпеливый
юбка,прохлада
первоначальный,папин
ответственность,водоросль
вступление,ударение
лагерный,оборотный
красть,выслушивать
широта,симфония
перемена,генетика
митинг,углевод
взыскание,редактирование
хата,символика
преступность,волость
валенки,британцы
совершаться,цениться
обязанный,сопоставимый
старость,озабоченность
целевых,самодельных
ежегодный,наивысший
сумочка,ода
механический,необъятный
наименование,обогащение
подушка,деградация
неизвестность,носилки
пограничный,молдавский
множественный,колониальный
соревнование,чело
аборт,путеводитель
нападение,исчисление
арка,порча
лаборатория,лилия
следующий,пропагандистский
неплохая,беспрецедентная
возрождение,пожертвование
получаться,умудряться
абстракция,станица
минеральный,признанный
акцент,пирс
печали,имитации
маловероятный,добросовестный
пассажир,царевич
крепкий,лохматый
эксперт,дельфин
проклятие,похищение
предсказывать,пожирать
ходатайство,семечко
выдержка,сигнализация
усмешка,шлюпка
брошюра,фиксация
доступ,микроскоп
осуждение,колечко
затруднить,купить
кошачий,вышеупомянутый
блин,лоток
тепловые,националистические
соединение,торможение
гнусный,удовлетворительный
упругий,инфекционный
командир,землянин
дисциплина,номенклатура
сертификат,регулятор
окраска,гильдия
бесспорный,затруднительный
пластина,уловка
супружеский,осознанный
коллекция,застройка
учение,опьянение
максимум,ром
терпение,поглощение
рецепт,застой
пристальный,душный
имение,наполнение
покров,канун
дачный,нечеловеческий
шедевр,мультфильм
побуждать,огорчать
бедствие,удобрение
сталинский,долговременный
находка,гробница
целенаправленный,пишущий
обмен,проигрыш
телеграмма,консолидация
арсенал,ночлег
пропорциональный,кроткий
табак,героизм
эмблема,выходка
выздоровление,притяжение
очаг,афоризм
прибыльный,старейший
вступительный,редакционный
зелень,песнь
согнуть,пронести
превосходный,мысленный
хорошенький,австралийский
ядро,рыдание
избить,усовершенствовать
деревенский,ценностный
уместный,недобрый
неприятность,совместимость
интерес,волосок
участница,щука
армейский,лыжный
воззрение,царствование
присвоение,бездействие
сервер,пуд
чувственный,гуманный
финансировать,олицетворять
осада,миниатюра
часовой,биржевой
выпрыгнуть,побледнеть
экономия,яблоня
былые,восходящие
казнь,наивность
давность,неловкость
парта,скула
сенат,мемориал
крах,периметр
возврат,крестик
бланк,хоккей
девичий,прикольный
тренировочный,буддийский
вертикали,спекуляции
дочка,княжна
бронзовый,бабушкин
неоспоримый,гостиничный
драгоценность,ловкость
пиратский,всесоюзный
кромка,проституция
записной,паровой
расстройство,купание
характер,микрорайон
недопустимый,стильный
демонстрация,труппа
пронзительный,кровный
прелесть,сырость
сосновый,кратчайший
приступ,ангар
огород,пакт
томиться,содержаться
дорожка,дифференциация
фундамент,бардак
водяные,немногочисленные
односторонний,карельский
правильность,мерзость
рукав,геноцид
скачок,титан
быстрота,фальсификация
пустота,ипотека
компромисс,антибиотик
заря,тундра
минный,близлежащий
предотвратить,обнародовать
устояться,высказаться
видимость,причастность
гостевой,лицевой
слушание,уныние
индекс,телеграф
колода,гигиена
совершение,преддверие
пай,талон
привидение,яичко
мамочка,братия
такт,выдох
пророчество,стечение
филологический,требовательный
пепельница,арифметика
редакция,вентиляция
лик,борщ
помойка,расстановка
выяснение,соперничество
пространственный,стопроцентный
смуглый,неопытный
составные,еженедельные
беспокойство,упрощение
колонка,раздача
штаб,обиход
бурый,губернский
единичный,разнородный
градус,наезд
неинтересный,невыгодный
клевета,монетка
самовар,сумрак
искусный,многократный
коррупция,бронза
продукт,тайм
сражение,разграничение
справочник,блик
фаза,флора
благословенный,румынский
очко,казачество
оптовый,безлюдный
батальон,наклон
алый,интуитивный
откровенности,навигации
дырка,коммуна
тошнота,татуировка
щитом,эпитетом
повреждение,гостеприимство
климат,скафандр
торговаться,греться
газетный,миграционный
суп,баррель
пьеса,оптика
запаса,диалекта
комплимент,ярд
чаша,догма
призыв,родник
расход,кинофильм
физкультура,морковка
капитуляция,канализация
святыня,полочка
рваный,мифический
питательный,курортный
перевозка,координата
призрачный,доходный
лестничный,общеобразовательный
удельный,невредимый
всемогущий,кубический
передышка,астрология
поверхностный,невнятный
косметический,родимый
ненавистный,мексиканский
сводный,туристский
захоронение,материнство
впечатление,хамство
водопад,магнит
содержимое,неудовольствие
жалкий,нечестный
сигнальный,сопутствующий
сократиться,зародиться
подошва,жемчужина
правосудие,прогнозирование
невинный,паспортный
провинция,пила
психический,рекордный
секс,пылесос
марксистский,лживый
освоить,помянуть
сонный,кардинальный
реактивный,бессонный
связка,вишня
трактовка,пазуха
алфавита,износу
конструкция,астма
рать,нерешительность
прелестный,нетерпеливый
прозрачность,наследственность
доктрина,метла
юбилейный,хабаровский
медлить,экспериментировать
ремонтный,латвийский
второстепенный,привилегированный
известить,осознать
задолженность,неточность
сюжетный,беспорядочный
прямоугольный,ихний
аренда,активизация
грань,влажность
урна,астрономия
лихо,превосходительство
обозначение,сосредоточение
мыльный,вышестоящий
предлогом,реформатором
мерзкий,всесторонний
сбор,перепад
докторский,венский
повториться,затеряться
руд,пляскам
удаление,чрево
живот,кефир
санаторий,дуэт
субсидия,реанимация
проступать,горевать
задержка,бета
выслушать,возродить
мяч,этикет
ужин,вымысел
натиск,синтаксис
насильственный,болотный
вознаграждение,мечтание
императорский,спонтанный
абсурд,лимит
столкновение,оцепенение
чувствительный,лютый
морковь,премудрость
психиатрический,кавалерийский
чехол,чеснок
дорогостоящий,громоздкий
подрастать,идти
братский,инициативный
звонкий,предпочтительный
промолвить,утерять
разновидность,колыбель
оживить,отозвать
транзитный,сезонный
гребень,йогурт
доверительный,попутный
сечение,преобладание
дерзкий,пожизненный
грядущий,саудовский
недвижимый,неотложный
выпивать,крестить
застрять,поучаствовать
мучительный,заманчивый
восхищение,заимствование
нестись,восстанавливаться
милиционер,динозавр
неведомый,внятный
октябрьский,внешнеполитический
вкус,орнамент
сенсация,литургия
канат,иудаизм
поход,созыв
насекомое,авторство
оппозиция,радиация
повествование,облачко
кузов,минерал
шапка,аура
обед,мавзолей
настраивать,обрекать
двоюродный,расовый
долгожданный,дворовый
хозяйка,кобыла
окошко,порождение
кухонный,уважительный
дочерей,улиток
очищение,опубликование
подготовительный,старческий
награждение,благоустройство
сделаться,отчаяться
позиция,мутация
разгар,карнавал
сахарный,багровый
доза,ссуда
согласование,суеверие
зачатие,странствие
неспособный,тарифный
мелодия,пицца
управленческий,суверенный
юбилей,антисемитизм
вторжение,постоянство
удовольствие,полугодие
авиация,юрисдикция
крейсер,сговор
грубость,мазь
комплекс,астероид
пальчик,люд
династия,психиатрия
худо,неведение
райский,амбициозный
арендный,непобедимый
азартный,общеизвестный
зевнуть,осесть
рентабельность,вонь
примечание,отставание
причудливый,неимоверный
гармония,стимуляция
юстиция,кровля
продление,раскаяние
заморозить,очертить
родня,клумба
журнал,экстремизм
реабилитация,мантия
упоминание,самосохранение
барак,лен
зенитный,вытянутый
святость,грамотность
предание,возрастание
умудриться,оговориться
низ,паралич
хождение,изречение
поляна,ложечка
поклон,десерт
прослушивание,кровотечение
диалектический,искомый
передача,крупа
смущение,горлышко
устав,излишек
липа,метафизика
кислый,гостеприимный
катушка,лапша
доблестный,оглушительный
конкурсный,общероссийский
алюминиевый,назойливый
фашизм,картон
вестибюль,пинок
черепаха,сударыня
шрам,глобус
джип,тоталитаризм
здоровенный,уездный
надпись,нестабильность
половинка,простуда
исчерпать,истолковать
увольнение,несовершенство
конвой,бинт
структурный,конкурентоспособный
цитировать,ослаблять
остановка,расшифровка
плоскость,приверженность
численность,враждебность
гать,задумчивость
факультет,газопровод
бешеный,бестолковый
упрекнуть,одержать
присутствие,оснащение
компетентный,прибалтийский
строевой,валовой
сплошная,гипотетическая
бомбардировщик,катаклизм
резонанс,передел
штабной,неживой
проход,невроз
скромность,диагональ
палка,заграница
отделка,баллада
туфля,мастурбация
приближение,членство
офицер,жеребец
перечисление,головокружение
капелька,снежинка
дьявольский,портативный
концлагерь,эпиграф
кукуруза,ноша
плот,говор
частичный,моторный
отправка,фауна
побуждение,иго
большевистский,испытательный
детальный,незаурядный
кружок,донос
соблазнительный,численный
треугольник,воск
нереальный,неслыханный
группировка,сауна
листва,опаска
формации,подлинности
перекинуть,упростить
толкования,пастбища
кайф,бостон
разгораться,заблуждаться
взвод,лотос
бездна,локализация
автомобильный,довоенный
вхождение,неумение
сплетня,порнография
представительство,предвкушение
злиться,пастись
недолгий,атмосферный
дождливый,богословский
представительный,боярский
недостойный,топливный
процессия,гуща
мыслимый,досрочный
закат,вердикт
необычайный,зеленоватый
индикатор,обвал
перераспределение,успокоение
фестиваль,спортзал
графический,швейный
рулевой,мочевой
магнитный,профильный
рядовые,климатические
морозный,выпуклый
занятый,едкий
браслет,изъян
мозговой,заказной
готический,похоронный
расширение,самоопределение
приз,аул
казарма,разгадка
ила,мандата
послевоенный,металлургический
судорога,эпопея
зиять,веровать
взрывчатка,явка
фольклорный,соломенный
старомодный,волжский
клавиша,грива
противопоставление,наречие
колхозный,мятый
предназначение,сукно
изобретать,обновлять
логичный,необратимый
унизительный,добротный
чашка,гравитация
формальность,письменность
поучительный,кудрявый
молоденький,львиный
эфирный,бродячий
альманах,бархат
трансляция,милостыня
драматический,знающий
транспортировка,веха
мрамор,пикник
вежливость,ртуть
кабина,опечатка
сустав,кивок
шнурок,трест
отчисление,рвение
завоевание,восклицание
двухэтажный,индейский
проектирование,свершение
навязчивый,вульгарный
тара,инъекция
абзац,каркас
самоуправление,возобновление
крещение,сказание
фотоаппарат,дебют
дурак,микроб
порошок,шантаж
болт,кубометр
платформа,чета
армянский,нефтегазовый
житейский,орбитальный
гадкий,вещественный
спортивный,доминирующий
смещение,масонство
неофициальный,завидный
мужественный,монотонный
безобидный,гулкий
карусель,трусость
сундук,апартамент
конфликтный,рослый
пята,директория
кот,азербайджанец
игрушечный,подсобный
кулинарный,среднестатистический
магистраль,секретность
фланг,абсолют
варварский,титульный
груша,беседка
дальность,латынь
планирование,везение
сооружение,ничтожество
динамика,плазма
караул,цемент
загорелый,эпический
посылка,булка
хитрость,девственность
рекорд,адреналин
блистательный,лояльный
жалость,изгородь
распознавать,сушить
благотворительность,разность
десант,лимузин
покорить,пересказать
каменистый,февральский
страсть,сирень
костюм,симпозиум
дворик,пробег
диктофон,румянец
ива,каста
электроэнергия,деформация
неприемлемый,протестантский
понимание,кровообращение
обет,сквозняк
вселенский,десантный
реестр,алюминий
родственный,суточный
досада,автобиография
пребывание,свечение
ускорение,вероисповедание
взаимодействие,сотворение
дуб,фрегат
жареный,детективный
кинжал,стеллаж
скорбь,компетентность
столбик,ренессанс
эскалатор,загар
неподдельный,бандитский
трогательный,незримый
дистанционный,невозмутимый
уступка,дилемма
издательский,равноправный
сабля,чаща
прошение,корыто
рискованный,думский
гранитный,шпионский
трос,меркурий
пролетарский,равномерный
изнасилование,лицемерие
упаковка,говядина
стойкость,гениальность
показание,расслабление
автобусный,высококачественный
прикол,конус
приспособление,пятнышко
позор,блюз
сюрприз,ореол
балл,озон
наглый,невообразимый
толковый,сотый
жестокость,шаль
начальство,старение
обнаружение,крылышко
метрополитен,марафон
тетрадь,человечность
говно,предубеждение
поясница,аристократия
содружество,ограждение
миссия,аномалия
шерстяной,блатной
благоговение,шипение
непреодолимый,ускоренный
полнейший,августовский
круговую,нестерпимую
ввоз,пупок
вдова,блоха
читательский,недобросовестный
бег,психоз
бритва,пучина
номер,метеорит
дизайн,укор
объективность,неприкосновенность
борода,кофточка
нажить,простить
директор,латыш
формирование,замещение
рукописный,неприступный
сопоставление,умиление
канцелярия,непогода
установиться,прижиться
интернет,шпионаж
потный,кубинский
укусить,перенять
высказывание,равноправие
наклонный,тихоокеанский
факс,норд
терапия,импровизация
рыбий,хитроумный
глиняный,переносный
теперешний,овальный
панорама,шизофрения
карабин,нажим
розыгрыш,идиотизм
петля,иммиграция
бриллиант,персик
приглашение,созревание
плитка,мания
обаяние,хищение
мужик,вол
отход,досмотр
извечный,соборный
злополучный,кандидатский
воссоздать,обобщить
промах,зуд
божий,молекулярный
атлантический,мемориальный
усы,привалов
отправление,сумасшествие
монитор,каскад
клык,теплоход
весомый,раздельный
шляпа,охапка
ведьма,поэтесса
ориентация,контрабанда
господин,бегемот
автоматизированный,бельгийский
агент,декабрист
отражать,координировать
самодостаточный,многообразный
стук,кальций
вешалка,метаморфоза
отображение,адмиралтейство
очертание,пришествие
скамья,вылазка
архитектура,толща
полночь,антропология
ступенька,конфронтация
туалетный,комнатный
галстук,опус
заповедь,оттепель
пополнять,мучить
авторитетный,господствующий
древесина,планировка
эпизод,траур
записи,легализации
походный,синтаксический
безмолвный,надменный
куриный,поддельный
орфография,девятка
запястье,приморье
примесь,подвижность
кавалерия,эротика
разногласие,обмундирование
ураган,откос
пустяк,квас
эквивалентный,океанский
абсурдный,бравый
координационный,ухоженный
калибр,архипелаг
криминал,эскадрон
изъятие,безмолвие
декорация,коллизия
ревизия,пижама
отборный,первостепенный
проба,аннотация
недостаточность,плеть
вилка,клубника
динамический,разрозненный
неизменный,демократичный
распад,ультиматум
трактир,конспект
недорогой,тормозной
проза,прибавка
мастер,павлин
картонный,дырявый
жительство,самодержавие
сотовый,замужний
разведка,клеточка
почта,минуточка
чудный,однокомнатный
милая,проблематика
трость,повседневность
стенка,демократизация
изумление,выведение
доктор,дятел
сценка,диверсия
ступень,античность
расплывчатый,патрульный
истребительный,политехнический
величественный,картофельный
сукин,сумрачный
лягушка,царевна
булавка,конфетка
распоряжение,созидание
орбита,кульминация
закрытие,воодушевление
факел,спазм
числовой,сторожевой
стройка,глубинка
пассажирский,презрительный
полотенце,затишье
ценообразование,пресечение
рейс,тюльпан
настройка,ветчина
ярость,неподвижность
творение,рукопожатие
сексуальность,порядочность
производительность,инвалидность
неисправность,айсберг
выставочный,летательный
переписка,капитализация
тетрадка,фобия
печенье,пристанище
культ,мегафон
ветеринарный,беспечный
кабинка,каторга
цветочный,крашеный
порочный,интегральный
растрепать,запрограммировать
дирекция,агония
феникс,юрта
авантюра,сорочка
сетка,лингвистика
холст,меридиан
приключение,диво
депозит,колорит
повинный,застывший
госпожа,кладовая
звучание,паломничество
пятилетний,снисходительный
трап,подтекст
цветовой,нагой
выигрыш,меморандум
жестяной,хромой
безмятежный,ужасающий
смятение,еврейство
свадебный,скалистый
мышление,заверение
постыдный,корявый
покупатель,мамонт
десятилетний,многонациональный
себестоимость,рукоять
напрасный,симметричный
резьба,пиявка
вычислить,пресечь
салат,кокаин
погрузка,шуточка
запор,понос
лошадиный,плюшевый
противотанковый,необоснованный
тщетный,пасмурный
вязкий,предсказуемый
одобрение,различение
тапочки,полвека
конский,миллионный
скопиться,запутаться
панцирь,кругозор
плантация,смута
евангельский,фигурный
упорный,рутинный
профсоюз,зигзаг
смесь,облачность
заседание,зверство
морщина,анархия
перстень,фанатизм
обиженный,всенародный
посуда,энтропия
сборный,узбекский
хрустальный,провокационный
родительский,радиационный
банда,расплата
заражение,приданое
очерк,монумент
флакон,расизм
удача,стенограмма
трамвайный,цыганский
коррекция,обсерватория
удостоверение,хулиганство
каток,романтизм
первобытный,обвинительный
звон,сарказм
тяжести,коллективизации
ленинградский,костный
округлый,неудовлетворительный
задержание,остроумие
новинка,утроба
футляр,перевес
замешательство,лакомство
погибель,банальность
колхоз,оазис
важность,успешность
эстонский,победоносный
товар,сельсовет
пропагандировать,скупать
заголовок,гипс
морг,иней
траурный,хозяйский
подряд,микроавтобус
приветливый,великодушный
неразрешимый,венецианский
сентиментальный,пурпурный
полосатый,движимый
эксплуатация,утилизация
кратер,дизель
лабораторный,обозримый
адский,шершавый
риф,насморк
археологический,несчастливый
специфика,поломка
экспедиция,геология
преподаватель,клещ
гадость,невесомость
выключатель,догмат
подростковый,желтоватый
дрожь,непрерывность
настольный,многодетный
шлейф,эпилог
оборонный,незыблемый
лазер,откат
неважный,бритый
наводнение,повеление
футболка,археология
стихия,инквизиция
крыша,фильтрация
зонт,сгусток
поднос,аффект
нажатие,придание
блуждать,помирать
отсталый,канонический
ватный,эзотерический
грот,озноб
пригородный,дремучий
консервный,шаткий
мел,сперматозоид
палата,котировка
непоправимый,ревнивый
трещина,пропажа
нагрузка,конфискация
икона,комета
неладный,погодный
ботанический,нетрезвый
сопли,неизбежность
неторопливый,беспредельный
дореволюционный,ледовый
роддом,самиздат
осваивать,разжигать
воинственный,повсеместный
скрипучий,ангельский
стадион,вычет
тренинг,фермент
ночного,магистрального
знамение,воздержание
песчаный,ведомственный
наружность,изобретательность
причинить,осилить
коренное,целебное
закрепление,сиятельство
наложение,быдло
кроватка,пурга
покушение,пропитание
спинка,кочка
марс,лексикон
непонимание,водоснабжение
инфраструктура,хромосома
нежелательный,озабоченный
зодиак,писк
завеса,пощада
указатель,галоп
безусловный,бесстрастный
репертуар,клич
дубовый,убийственный
смешок,каштан
доказательство,перемирие
визитный,федеративный
стопка,чешуя
тележка,корреляция
опека,аббревиатура
люк,нацизм
изящество,богословие
тройной,цирковой
наручник,буклет
ассортимент,талмуд
дамба,потенция
разврат,орешек
походка,кибернетика
вред,снегопад
тропический,несметный
тактика,глюкоза
одноразовый,предприимчивый
наставление,честолюбие
колючий,нестабильный
слепота,переоценка
предпоследний,ритмический
непостижимый,негромкий
скандал,гепатит
коммутатор,раздор
визжать,крепнуть
слабеть,вибрировать
косметика,рутина
световые,восстановительные
искушение,предвидение
штора,неразбериха
пологий,аморальный
интимный,губительный
естествознание,ликование
обеденный,машиностроительный
рельс,квант
буфет,одуванчик
штурмовую,девственную
пельмень,бестселлер
профсоюзный,лексический
заслуга,зола
терминал,концепт
офицерский,безудержный
хозяин,викинг
словесный,оптимистичный
жизнерадостный,феноменальный
глубинный,вожделенный
генералу,рубину
труба,эгида
удочка,апатия
любительский,крупномасштабный
контактный,шутливый
заклинание,пиратство
канадский,преуспевающий
просуществовать,спрыгнуть
предательство,сотрясение
составление,здравие
поступок,горб
вспышка,индустриализация
бизнесмен,омар
босой,глазной
кошмарный,текстильный
монастырский,элитарный
катер,пессимизм
комок,ингредиент
грим,титр
пиджак,феминизм
противовес,маразм
призма,смета
очаровательный,цепкий
кожный,многострадальный
желательный,исправный
союзник,кузнечик
заключение,разумение
реликвия,слежка
могильный,пространный
гнилой,жировой
высокопоставленный,квалификационный
календарь,обруч
тамошний,респектабельный
танцевальный,низенький
форменный,баллистический
растение,посягательство
безоблачный,помятый
слушать,оживлять
надбавка,перестановка
балка,истерия
хутор,выкрик
музыка,надстройка
земледелие,пищеварение
вводный,галактический
посильный,двухкомнатный
неустойчивый,кооперативный
товарный,первомайский
некрасивый,изумрудный
изображение,кровопролитие
наркомания,сушка
недостающий,ортодоксальный
скандинавский,портовый
отдых,нейтралитет
жест,раздражитель
почка,фортуна
произвол,дол
придорожный,патентный
паршивый,лихорадочный
вертикальный,мятежный
неблагодарный,осетинский
поднятие,красноречие
американец,буржуй
болевого,судейского
систематический,исконный
напряжение,облучение
сизый,безответственный
однородный,таджикский
парикмахерская,антология
лабиринт,отток
посадка,менструация
замаскировать,проиллюстрировать
отважный,красноватый
полис,обрез
феодальный,именитый
новостями,вотчинами
непохожий,фиктивный
слияние,удвоение
пакет,протон
мраморный,карательный
армия,молва
противник,леопард
прокуратура,подсветка
неразумный,прицельный
тренировать,усугублять
исцеление,насыщение
рисунок,тент
резкость,убедительность
инвестор,гетман
дельный,вещий
безразличный,охотный
сжатие,ожирение
кобура,дотация
неспособность,акварель
изгнание,логово
бесцветный,симфонический
суматоха,конфедерация
консультативный,губернаторский
гороскоп,животик
пополнения,безделья
реконструкция,депортация
пошлый,эгоистичный
методический,раковый
немолодой,травяной
кишеть,дорожить
перепутать,узаконить
назначение,бесплодие
тропа,причуда
похмелье,водохранилище
предчувствие,хозяйствование
погружение,недомогание
поверхность,изменчивость
подбор,пергамент
начальный,пленарный
простодушный,честолюбивый
регистр,пригорок
ипотечный,рабский
экзотика,виселица
негатив,кустик
рациональность,женственность
незабываемый,сатирический
особый,обслуживающий
перерыв,эмбрион
головка,ратификация
коренастый,вирусный
наращивание,графство
побочный,микроскопический
ворох,отголосок
статический,ломаный
диапазон,микроорганизм
пассаж,идеализм
траншея,алгебра
бдительный,грузный
продовольствие,усложнение
подробный,многоэтажный
перехватить,упразднить
бесчувственный,анатомический
навоз,сноп
рюкзак,рентген
выброс,фельетон
изыскание,высокомерие
вскрытие,возвышенность
простенький,волнистый
неуправляемый,освободительный
воротничок,фарс
негласный,костлявый
свержение,кружево
зоопарк,вест
небрежность,продуктивность
спрос,термометр
тройка,централизация
гневный,смиренный
светящийся,продолговатый
разбавить,прикрыть
гром,прообраз
внесение,сосуществование
неоднократный,благоразумный
развал,бампер
принадлежность,сажень
компьютер,резон
неточный,пониженный
внуков,куликов
призвание,благочестие
побороть,разогреть
епархия,баталия
единый,ивановский
сорт,нейрон
купальник,консерватизм
агрегат,тембр
несогласие,уродство
ресница,тыква
актуальность,артель
прокурор,жаворонок
горка,стандартизация
поправка,репа
оптимистический,проволочный
жанровый,царственный
сток,куплет
различать,ужасать
распознавание,сплетение
обновить,оштрафовать
анальный,колоритный
ограбление,консорциум
доверчивый,звучный
неуловимый,триумфальный
апокалипсис,динамит
драка,настойка
равносильный,комфортабельный
устой,домысел
шапочка,симметрия
самобытный,тайский
полоска,махинация
обстоятельный,мелодичный
вавилонский,суеверный
люстра,свастика
койка,амплитуда
вздор,гамбургер
разбудить,восполнить
совмещение,истолкование
пропорция,идиллия
жвачка,кофта
балкон,калий
неправда,турбина
котелок,майонез
свинцовый,панический
затяжной,цепной
галерея,дыня
послушный,торопливый
отличительный,внешнеэкономический
мужественность,правдивость
экспансия,пилюля
заморский,оккупационный
азбука,громада
ведомость,слизь
замужество,расселение
дворцовый,хилый
осторожность,жасмин
танец,опиум
запретный,умышленный
нелепость,двойственность
дозор,индивидуализм
кий,ажиотаж
оглядка,олигархия
габарит,круиз
концентрировать,затевать
тираж,яичник
скверный,тысячелетний
навигационный,липовый
легендарный,абхазский
хищный,самоотверженный
уязвимость,нелюбовь
сохранность,нетерпимость
шпага,десятина
оговорка,тирания
соус,купон
замысловатый,фамильный
распродажа,устрица
развесить,благословить
кучка,киностудия
бутыль,внезапность
машинный,нелюбимый
шикарный,голубоватый
рвота,самоорганизация
уезд,томик
увлечься,заручиться
мирской,многовековой
солдаты,эстонцы
универсальность,неосторожность
патруль,сорняк
персонаж,швейцарец
пустырь,суффикс
резервуар,пересказ
плесень,промежность
мистер,шакал
сейф,апогей
игнорировать,раскручивать
ресторанный,знойный
кукольный,медлительный
подборка,крапива
всесильный,еловый
несовершенный,парусный
заметка,невзгода
поворот,сифилис
рассудок,бисер
горесть,краткость
состязание,испарение
пашня,фиалка
бессмертный,июньский
пароход,плагиат
бриллиантовый,пятнистый
дипломный,первозданный
жемчуг,торс
подпольный,причинный
временный,молниеносный
столб,осадки
милосердный,неравнодушный
кассета,разминка
фальшь,шалость
самоубийство,однообразие
блюдо,извержение
реплика,специя
беленький,расхожий
наркоз,разбой
кредитования,щупальца
иерархический,белковый
изящный,вокальный
должность,явь
аудитория,масленица
затягиваться,усугубляться
охват,голь
определение,воинство
остаток,изюм
место,антитело
параллельный,многозначительный
деятельный,неделимый
пометка,конопля
обитание,полнолуние
признательный,джазовый
башка,пунктуация
неравный,штатский
постановление,преображение
бескорыстный,неизлечимый
салют,плюрализм
добродетель,проницательность
миска,дедовщина
теснить,недооценивать
фара,константа
электричка,потеха
позавидовать,воспрепятствовать
взрывного,клеточного
избушка,префектура
покупка,биосфера
рисовый,нагорный
восприимчивый,барский
урон,тюбик
стрижка,эрудиция
невольный,зримый
месторождение,сокрытие
частность,бессмысленность
вздох,скептицизм
англичанин,бизон
подол,выкидыш
негодовать,благоухать
штрих,ананас
базарный,безвыходный
фигурка,ржавчина
воплощаться,сниматься
умысел,табун
змеиный,падший
неограниченный,отрадный
неподходящий,облачный
кислородный,несостоятельный
публицистика,ориентировка
грузинский,ориентированный
микрофон,псалом
переменный,усопший
семантика,шпала
сопка,буханка
набор,экватор
кафедра,сага
полноправный,биохимический
ярмарка,байдарка
ругань,сосредоточенность
четверть,шмотки
амбар,окрик
лексика,нажива
кодекс,бот
плотский,взрывчатый
завещание,выселение
показатель,булат
окружность,пассивность
казахский,приборный
излюбленный,прагматический
инструментальный,головокружительный
вышивка,впадина
ответственный,кровожадный
увлекательный,неспокойный
обидный,синхронный
поза,пластмасса
нематериальный,неблагополучный
пациент,удав
празднество,веление
приезжий,стрессовый
обезьяна,герцогиня
отзывчивый,протяжный
птица,собеседница
поездка,демагогия
протез,круговорот
подполье,чудище
питьевой,связной
ледокол,накал
конструкторский,незапамятный
умирать,кряхтеть
нехитрый,чиновничий
пророческий,взаимовыгодный
болото,вымогательство
салфетка,историография
трудолюбивый,машинописный
переработка,горстка
аттестация,пудра
признак,катализатор
сценический,многообещающий
торпеда,распря
кружевной,тыловой
чаепитие,олицетворение
поганый,камерный
ароматный,изнурительный
насмешка,засуха
резинка,оргия
остальной,нежилой
материя,унификация
увеличение,разоружение
акт,фен
соображение,выпадение
эффектный,перманентный
сладостный,единодушный
истребление,песнопение
розетка,библиография
ширма,нормализация
итоговый,слизистый
сливочный,публицистический
бойня,мелодрама
удержание,соболезнование
розни,этнографии
тучный,поворотный
обогащать,имитировать
краеведческий,многолюдный
зажигалка,клизма
застава,прелюдия
исполнитель,пеликан
неминуемый,самодовольный
местечко,отречение
наработать,превысить
иностранец,филин
заповедник,аспирин
девка,киска
восхитительный,трагичный
контуру,ому
макет,эпицентр
предок,аист
нескончаемый,полиграфический
рисование,язычество
артериальный,вышесказанный
кушетка,песчинка
учредительный,ледниковый
съедобный,запущенный
возобновить,разграбить
колокольня,нагота
стоимость,верфь
станок,никель
неуверенность,эластичность
уязвимый,дизайнерский
красноречивый,зоркий
преподобный,монтажный
рукавица,стужа
монархический,малюсенький
жизнедеятельность,дрожжи
издательство,младенчество
недостижимый,жизнеспособный
элегантный,посмертный
нотка,пряжка
оболочка,подкладка
настойчивость,самобытность
наведение,великодушие
подушечка,крупица
голосовой,озорной
герой,ингуш
медвежий,гомосексуальный
эстрада,сиська
крючок,янтарь
буржуазия,дельта
непомерный,томительный
предприниматель,ящер
корыстный,светловолосый
кооператив,путч
пробный,унитарный
тибетский,хоккейный
радуга,пылинка
пища,филармония
причал,иконостас
блокада,щиколотка
реал,шик
настать,кашлянуть
охранный,соевый
флажок,хрип
скороговорка,подмога
кладбище,предплечье
машиностроение,нагромождение
легкомысленный,неумелый
реферат,позвонок
неудобный,размытый
повадка,разрядка
тусклый,бесшумный
протокол,огурчик
ножик,отзвук
комбинезон,нектар
нотариальный,серенький
эмпирический,упавший
банкет,разлад
выраженный,безоговорочный
набег,примус
выразительность,жесть
совместимый,орудийный
беречь,источать
посредственный,безрассудный
тягостный,жемчужный
голодовка,шайба
мартовский,греховный
клин,червонец
постный,комиссионный
доверенность,неустойчивость
оценочный,шестилетний
ухмылка,ширинка
маскировать,усложнять
управа,телепатия
мерный,беспрерывный
слоновый,повальный
выписка,рюмочка
самодеятельный,заповедный
разлагаться,фотографироваться
клубный,махровый
кассационный,тягучий
туркменский,немощный
пафос,кокон
воздержаться,отбиться
оборона,лепта
разорение,благоразумие
арбитражный,репрессивный
финальный,нагрудный
керамический,улыбчивый
солома,фикция
безоружный,собранный
лысина,оранжерея
юродивый,младенческий
установка,канистра
морщинистый,монашеский
этап,тиф
двусторонний,бензиновый
затвор,гастроном
кабак,бифштекс
позвоночник,холестерин
стычка,тапка
столбец,вынос
погрешность,полынь
поговорка,лодыжка
немец,страхователь
январский,непокорный
помада,нирвана
экстаз,холмик
припадок,флигель
обоюдный,гусиный
медовый,настенный
записка,швабра
обновление,зарево
изолированный,жертвенный
сидение,цветение
раса,соната
кулиса,земляника
меткий,вдохновенный
оружейный,мещанский
коварство,самоутверждение
фотографический,лежачий
оборот,памперс
комод,онанизм
лапка,экипировка
складка,фонограмма
яблочный,утешительный
извлечение,наклонение
глыба,анестезия
сиюминутный,фермерский
категорический,измерительный
клеймо,венчание
размещение,судопроизводство
дочерний,неглупый
кратковременный,тысячный
татарский,водородный
проповедь,неясность
подлый,априорный
терпимый,судорожный
избиратель,судак
журнальный,каштановый
экономичный,межгосударственный
скала,мембрана
причастный,высокооплачиваемый
спецслужба,частушка
вьетнамский,черноволосый
глянцевый,заядлый
достоверность,чернь
истерический,бомбардировочный
общность,безответственность
гвардия,национализация
богослужение,нарекание
караульный,непрозрачный
ударный,миротворческий
аптечка,ссадина
форточка,смородина
неутомимый,прерывистый
безликий,человечий
шкала,огласка
ловля,конспирация
гибельный,воображаемый
подступ,каламбур
бездомный,утопический
ненасытный,концентрированный
тщеславие,времяпрепровождение
женатый,бурятский
мираж,бочонок
вербальный,незаконченный
участник,ягуар
усыновление,переплетение
дикость,алчность
подписка,булочная
обитель,подозрительность
внушение,кипение
кольцевой,шальной
император,джигит
ремесло,яблочко
утюг,диспут
композиция,акация
омерзительный,безмерный
бездонный,антитеррористический
сентябрьский,незадачливый
парень,сверчок
мягкость,тушь
ученица,гувернантка
сдержанный,олигархический
работоспособность,управляемость
хвостик,квартет
картинный,джинсовый
кубок,федерализм
возвышенный,порнографический
усвоение,плодородие
депутат,корифей
марихуана,овация
живость,прорезь
предсмертный,гипсовый
отпор,шлак
кладка,презумпция
радиатор,плеск
усугубить,подавить
гармоничный,пытливый
часовня,вьюга
волчий,потомственный
цельный,пятнадцатилетний
зад,синод
подделка,колонизация
беззащитный,морфологический
рывок,скальпель
разглядывать,продлевать
хмурый,размеренный
фактический,бредовый
подземелье,полчище
сестра,горилла
набережная,десна
тряпка,беготня
троица,травинка
антикварный,вредоносный
загрузка,ассимиляция
сметана,агентура
годовая,сирийская
листок,сироп
окровавленный,миловидный
пансион,предикат
юрист,невежда
корова,преамбула
тщательность,рябь
эротический,дымный
облегчение,обожание
мошенничество,бормотание
возвышение,оплодотворение
рельеф,ладан
небогатый,бычий
хвост,фотон
экстравагантный,канализационный
баррикада,селекция
козырь,изыск
тина,лупа
двадцатилетний,ажурный
риторический,ингушский
продолжительный,новоявленный
отставной,брюшной
кофейный,тенистый
противоестественный,долговязый
проницательный,единовременный
автобиографический,ветреный
колонн,прерогатив
зрительный,нешуточный
выигрышный,спектральный
спиртной,надувной
вождение,сердцебиение
религиозность,исключительность
двойственный,приключенческий
забава,тахта
коляска,вакцинация
смелость,эмаль
муравейник,ропот
учебный,многомиллионный
непроходимый,маршрутный
построить,изжить
стык,феодализм
вексель,аршин
низкий,многосторонний
общенациональный,литейный
неумолимый,символичный
целиться,втягиваться
мундир,циклон
горестный,настоятельный
адресный,градостроительный
древесный,отопительный
воскрешение,легкомыслие
аккуратный,выборочный
заложник,шмель
перегородка,трясина
уродливый,киргизский
поклонение,придаток
кабельный,керосиновый
смутный,неудержимый
искоренить,оседлать
неудобство,дуновение
лужайка,варежка
капельница,высылка
мускулистый,цементный
интернациональный,кровопролитный
перегрузка,рупия
доисторический,голубоглазый
пузатый,карнавальный
двусмысленный,безукоризненный
синева,тирада
субботний,карибский
афиша,эрозия
укромный,марийский
кусок,колос
тождественный,вдумчивый
выборка,лоджия
узел,апофеоз
завал,изумруд
номинальный,суетливый
кураж,катамаран
тощий,аномальный
бразильский,святейший
кафедральный,незваный
отвесный,приветственный
незамеченный,дефицитный
почесать,приручить
небритый,холодильный
мизерный,растерянный
дискутировать,устрашать
бревно,умирание
йод,разлом
сложность,наблюдательность
мнимый,импровизированный
конюшня,пневмония
свидетельство,изваяние
родственник,карась
сокращение,фехтование
избежание,самоуважение
псевдоним,возбудитель
пасхальный,неприкосновенный
несуществующий,сносный
волевой,пороховой
каморка,отговорка
жалобный,непроизвольный
нежность,канифоль
потрясение,скитание
бдительность,прорубь
складской,городовой
примирение,стояние
ярый,министерский
льняной,потайной
изобразительный,полый
доблесть,голень
вышеперечисленный,нерадивый
мерцать,преуспевать
вышеуказанный,человечный
телекамера,помолвка
предъявление,привыкание
растерянность,жизнеспособность
пламенный,растворимый
развлекательный,хладнокровный
взаимность,пядь
расценка,глазница
предосторожность,слякоть
герб,полумесяц
театр,папоротник
благодать,обоснованность
значимость,сухость
грешный,скрытный
корт,экстракт
практиковать,загрязнять
мольба,расцветка
представитель,мул
контрастный,неприметный
недосягаемый,чудотворный
универмаг,карантин
безделушка,пробежка
нарядный,старательный
трубопровод,скок
отклонение,зачисление
наследование,месиво
житель,пингвин
звучащий,богатырский
двойка,сосулька
принудительный,неправомерный
дизельный,незабвенный
эксплуатационный,убойный
скелет,бицепс
прихожая,орхидея
неприглядный,шейный
учительский,нахальный
сугроб,бамбук
врач,грызун
кипа,приправа
расходный,новаторский
блаженный,оправданный
апельсиновый,стриженый
вывеска,бяка
униформа,соя
привет,плющ
покрышка,аудиенция
аптечный,безвкусный
баскетбольный,неоправданный
журналистский,чернильный
прилавок,ост
кувшин,рационализм
янтарный,сионистский
аккумулятор,акциз
метафизический,трудоспособный
пошлость,согласованность
арбуз,саботаж
автограф,киль
безжалостный,завистливый
шлем,папирус
косяк,антивирус
прокат,аккомпанемент
речевого,плавучего
угловатый,результативный
вырезка,шпана
карточный,нецелесообразный
заряд,никотин
удобство,смягчение
продавщица,баронесса
россыпь,несовместимость
колокол,буран
противодействие,волеизъявление
поступь,неровность
любезность,сонливость
наглость,фасоль
жезл,поджог
окурок,склероз
подлодка,перипетия
обыденный,нежданный
беспечность,лопасть
тачка,индексация
непосредственность,годность
поперечный,неугодный
мизинец,самообман
виноградник,подкуп
содержание,земство
мерка,дюна
послушание,оповещение
секретариат,гамак
криво,тактично
наличный,испытанный
правдоподобный,недоверчивый
фактура,паства
инвалидный,несравненный
безграмотный,геройский
материалистический,породистый
изумительный,неотвратимый
терпимость,причинность
амулет,центнер
нанять,просрочить
акционерный,окаянный
мать,лань
влагалище,полотнище
разведывательный,кристаллический
правка,спячка
финал,гелий
обостряться,пялиться
прибой,комиссариат
фарфоровый,летальный
задушевный,благосклонный
белокурый,милейший
унитаз,бутон
угрюмый,фанатичный
покорность,множественность
континентальный,башкирский
распределение,средоточие
заинтересованность,гортань
неспешный,проворный
бородка,холера
спусковым,нескромным
первенство,перевоплощение
превратиться,ввязаться
неправый,миролюбивый
лошадка,наследница
вереница,клюква
неисчерпаемый,надуманный
язвительный,бессовестный
турист,моллюск
житие,переливание
обрывок,геморрой
историк,дог
приказ,цинк
доступный,разносторонний
космонавтика,выпечка
афинский,неутешительный
квитанция,харя
участковый,длинноногий
прыжок,натрий
резвый,ладный
изобретательный,экономный
водоворот,бидон
нашуметь,истечь
инспекция,лодочка
высотный,долларовый
овладение,соучастие
скопление,беспамятство
продажный,исполинский
виноградный,сморщенный
разрез,шабаш
плацдарм,альтруизм
перестройка,циркуляция
истощение,совершеннолетие
горячка,обуза
связующий,многогранный
лавочка,викторина
народность,торжественность
двухлетний,компромиссный
жадность,известь
стенной,путевой
племянница,куропатка
столетний,бездетный
каждодневный,неоднородный
общедоступный,ветхозаветный
горизонт,сарафан
зажигательный,статный
погреб,происки
двигательный,серный
шланг,антракт
местоположение,облачение
улика,жратва
параграф,овал
ощутимый,пахучий
объятие,шуршание
пылкий,ехидный
затруднение,перевооружение
минутный,папский
усадьба,пригоршня
телескоп,некролог
регламент,полушубок
итог,кедр
тренировка,аллегория
полковой,судовой
зажиточный,атеистический
угадывать,расшифровывать
кусочек,изотоп
обладание,послесловие
созвучный,алчный
гардероб,бриз
сверять,согласовывать
песочный,интеллигентский
сельскохозяйственный,ископаемый
основополагающий,сточный
духовка,отгрузка
чепуха,армада
полянка,софа
солидарный,сведущий
координатор,низина
осмотр,дрейф
жребий,императив
коммуникация,девальвация
блиндаж,напев
непреклонный,дотошный
выдача,высотка
укоротить,наклонить
автоответчик,нюх
котельная,петиция
вожжа,партитура
загробный,томатный
июльский,чахлый
дисциплинарный,бежевый
аттестат,фужер
горизонталь,тревожность
художник,ненец
энциклопедический,оборванный
вековой,показной
начинка,паранойя
малость,требовательность
радужный,органичный
сцепление,языкознание
акула,львица
участь,пряность
типография,нейтрализация
предупредительный,озимый
дипломат,лещ
удивление,лукавство
паркет,шовинизм
инструмент,бочок
вата,афера
буфер,гостинец
ария,комнатушка
сосиска,кириллица
пресный,соединительный
лимонный,невежливый
фуражка,демография
залп,нигилизм
баржа,неурядица
оперный,яичный
сольный,баварский
выручка,морфология
зверский,авангардный
некорректный,смирный
фейерверк,католицизм
созидательный,спичечный
алкогольный,застойный
диковинный,годичный
струя,лея
тракт,краситель
обследование,городишко
невиновность,задворки
заклеить,напугать
исчерпывающий,разительный
брешь,брезгливость
благочестивый,безналичный
именной,подставной
масляный,безвозмездный
замочный,талый
ринг,экспромт
обозрение,расслоение
несправедливость,недопустимость
дивный,синеватый
неугомонный,вероятностный
овощной,лучевой
телогрейка,порука
поэт,кальмар
смола,башенка
питомник,надрыв
неестественный,мстительный
выносливый,помещичий
карий,заспанный
фургон,нокаут
сержант,половец
спелый,механизированный
осмысление,рыболовство
убыточный,бревенчатый
звериный,суетный
произношение,благодеяние
необязательный,грубоватый
утомительный,хреновый
жаргон,маникюр
стирка,черника
беззаботный,величавый
трепетный,мечтательный
стая,модуляция
допотопный,кругленький
прихоть,мякоть
женственный,щитовидный
невинность,урожайность
вихрь,джем
текущий,крупнокалиберный
сменный,мобилизационный
дробь,оконечность
измученный,пальмовый
бездушный,бригадный
общительный,драматичный
ржавый,тщеславный
ленточка,долька
ругательство,довольствие
занятный,пугливый
приставка,алхимия
единоличный,степенный
комедия,антипатия
приземистый,маститый
арктический,беззвучный
византийский,строптивый
апостольский,ружейный
чокнутый,поступательный
неземной,смотровой
бабий,порывистый
гигиенический,кислотный
безразличие,фотографирование
кассовый,однополый
либерализм,шельф
подконтрольный,непостоянный
песенка,пустышка
сопровождение,надгробие
коврик,пат
инженер,буйвол
простор,кипарис
комический,литровый
замена,оспа
размножение,томление
мебельный,ближневосточный
неглубокий,незрелый
привязанность,мигрень
тоненький,радушный
инфракрасный,алфавитный
избрание,предзнаменование
сюртук,драматизм
рыбацкий,необузданный
паша,дочурка
гордыня,конура
промежуток,миокард
медведь,туркмен
полупрозрачный,порядковый
аргентинский,беспросветный
выбор,бордюр
упор,интеграл
общий,многотысячный
правонарушение,порицание
пересмотреть,разбомбить
писатель,недоброжелатель
общепринятый,апелляционный
фея,саранча
бумажка,тушка
клиент,пудель
трубочка,варка
шведский,гоночный
отбор,мораторий
чугунный,мясистый
вражда,фальшивка
противовоздушный,жилистый
лавка,осина
проигрыватель,томат
рама,иена
ковровый,сытный
пассивный,забитый
гамма,мошонка
эстрадный,негритянский
раковина,пеня
масонский,пустяковый
зернового,кладбищенского
прямолинейный,неправдоподобный
колея,одышка
отражение,освидетельствование
владение,целомудрие
оскорбить,застеклить
застенчивый,безвольный
президент,чиж
артерия,трущоба
пансионат,трагизм
ущербный,топографический
веселье,засилье
извращение,подлежащее
хвойный,благодарственный
подтянуть,облюбовать
пересылка,кочерга
бухгалтерия,кобра
барьер,диктат
тихий,полуголый
притязание,марево
крестьянин,коршун
посох,антагонизм
приобретение,запустение
хриплый,утвердительный
регистрационный,игральный
небрежный,опрятный
разоблачение,замораживание
согласие,совокупление
похождение,рычание
приют,рык
галька,квартплата
безвредный,вегетативный
просвет,эликсир
комикс,интернационализм
семилетний,гречневый
обманчивый,нетерпимый
проводник,хомяк
баранка,жатва
свинец,царизм
психика,портьера
веник,кофеин
военкомат,злак
запчасть,живучесть
капсула,богема
гордость,настороженность
скважина,термодинамика
растительность,именины
олений,облезлый
бред,пантеон
батарейка,рассрочка
стойке,сыворотке
полоса,фора
домовый,всегдашний
прискорбный,натянутый
бесперспективный,драный
скальный,неукротимый
презренный,белобрысый
исповедь,темень
плодородный,безалкогольный
дружина,рационализация
поместье,увечье
помилованию,голенищу
зловещий,недоуменный
окликнуть,ужесточить
фунт,коралл
обслуживание,делегирование
количественный,безысходный
гравюра,индукция
худенький,тракторный
миленький,несвойственный
обыкновение,отрочество
бесстрашный,игривый
версия,дискредитация
сдвиг,желток
отечество,злорадство
свита,компоновка
шерсть,информированность
перебор,абонемент
рыцарский,фазовый
рассудительный,бездумный
шов,клубень
обоз,преферанс
импорт,арьергард
конфиденциальный,спешный
флотский,гонимый
степной,весовой
одноэтажный,аэродинамический
кепка,нянечка
противопоказанный,полукруглый
прибор,фосфор
притворный,нечаянный
тайник,конгломерат
изгиб,коллективизм
термоядерный,ностальгический
лестный,брезгливый
нагреваться,отмечаться
смертоносный,одобрительный
нетронутый,вздорный
сверкающий,сберегательный
оловянный,ультрафиолетовый
романтический,осмысленный
пузырь,патриархат
племенных,несогласных
матушка,рептилия
обход,аллерген
директорский,неписаный
береговой,ржаной
пелена,проказа
велосипедный,рыжеватый
штамп,арбитраж
цветастый,аскетический
пушечный,кратный
статуэтка,клякса
будничный,державный
пятилетка,арматура
корневой,подвесной
барабанный,благостный
первоклассный,дидактический
добавочный,высокогорный
гвардейский,аморфный
победитель,грач
шарф,полиэтилен
дряхлый,несвоевременный
столовый,пряный
допущение,назидание
штукатурка,прогрессия
сотка,клиентура
бинокль,реквием
окоп,абрикос
катание,прославление
упрямый,стыдный
отменный,прилежный
кажущийся,сопредельный
щетина,латиница
затейливый,долговечный
психотерапия,перевязка
алмазный,крикливый
душистый,цилиндрический
достижимый,лобный
досадный,бесстыдный
заколдованный,сосудистый
эстетика,кофейня
чернокожий,вероломный
комиссар,бульдог
полсотни,южанин
программист,антипод
разрыв,раритет
оскорбление,руно
разниться,высаживаться
угощение,кокетство
робость,виолончель
любовный,высокоточный
резной,подвижной
бульдозер,конфуз
лидерство,мочеиспускание
аромат,пропеллер
соседский,трубный
каюта,киса
изолятор,аскетизм
навес,оккультизм
экономика,незабудка
конъюнктура,геополитика
подвальный,певчий
исправление,чиновничество
азарт,линолеум
ноготь,молодняк
фишка,малярия
отработка,триада
канцелярский,сногсшибательный
непримиримый,подсолнечный
мышечный,зубчатый
талия,онтология
победный,размашистый
молния,лагуна
расставание,монашество
преимущественный,невнимательный
воротник,индуизм
тыльный,набожный
вдох,внедорожник
монтаж,лобок
заболеваемость,судимость
шок,магнетизм
штучка,бородавка
невежественный,комедийный
имущественный,горелый
сброс,пуп
образный,кедровый
раздражительный,хулиганский
копоть,приятность
показ,небосклон
колокольный,бесподобный
изменчивый,курносый
поддержка,картофелина
невесомый,кремовый
погашение,бдение
бессмыслица,попойка
ротный,зубастый
фронтовой,луговой
пшеничный,пренебрежительный
пьянка,анемия
неосторожный,услужливый
капот,паритет
орфографический,простительный
мифологический,непрошеный
свекровь,форель
экземпляр,токсин
дивизион,метеор
восковой,узловой
антропологический,бессрочный
самодеятельность,посредственность
уклонение,ожесточение
насмешливый,правомерный
бородатый,суконный
лимон,лаж
гонение,правописание
современность,интеллигентность
ливень,апатит
рентабельный,непререкаемый
дамский,проникнутый
модельный,наручный
отвращение,олово
самоуверенность,превратность
подтянутый,бессловесный
ревностно,далеко
внутренность,доверчивость
краешек,смрад
семантический,виртуозный
неоновый,опальный
усилитель,акр
железобетонный,оголтелый
живописный,косматый
реакционный,толстенький
редкостный,двоякий
кукурузный,автотранспортный
необитаемый,самоходный
вышеназванный,воинствующий
терпкий,издевательский
дубинка,доярка
курок,помои
пустошь,неверность
гитлеровский,отъявленный
прямоугольник,аркан
монументальный,расистский
справедливость,текучесть
водочный,текучий
антисемитский,похотливый
коттедж,блеф
консерватория,хохма
посадочный,умопомрачительный
подвластный,земледельческий
диета,консервация
декрет,вентиль
плачевный,якорный
стилистика,кинематография
скатерть,внимательность
методологический,надоедливый
зоологический,немногословный
вентиляционный,бесплотный
пламя,равноденствие
вагонный,баснословный
распятие,кондиционирование
маскировка,гинекология
ромашка,укоризна
ссора,задвижка
модем,бойкот
запоздалый,центробежный
проступок,гонг
панельный,придирчивый
престол,прутик
вездесущий,вахтенный
дождевой,выхлопной
иврит,лосьон
банный,безошибочный
подсознательный,неустанный
загс,паштет
лопухами,инкубаторами
крюк,шиш
восьмилетний,перламутровый
веер,абсолютизм
империализм,перешеек
свирепый,кощунственный
шрифт,срам
притягательный,кругосветный
парадный,кинетический
процент,газик
диспетчерский,нарочитый
недельный,ароматический
побоище,снадобье
припев,компресс
затея,механизация
тяготение,кощунство
зыбкий,ползучий
лесть,выпуклость
террорист,петушок
отсрочка,плацента
широкоплечий,командировочный
скамеечка,душка
толкать,разогревать
юмористический,сепаратистский
шина,редька
комплект,подснежник
артиллерийский,предшествующий
истинность,немощь
предупреждение,аббатство
печной,хвостовой
фармацевтический,необозримый
старание,стремя
скупой,грозовой
файл,тайфун
соблюдение,прояснение
разложение,бесстрашие
зной,вершок
почтительный,безболезненный
гонка,рассада
бесчеловечный,мотивированный
грохот,аппендицит
высадка,шифровка
сущего,пускового
альпинизм,эшафот
постулат,аккордеон
сравнимый,безнаказанный
куцый,разбойничий
фрак,дарвинизм
декабрьский,ограничительный
стеснительный,фонарный
профессорский,закулисный
разовый,несусветный
исправительный,неуклонный
королева,кикимора
посольский,давешний
терапевтический,песенный
движок,оброк
просветительский,долгорукий
поэтика,глухота
физиология,амуниция
кавычка,ряса
коронный,неприветливый
довод,полив
гул,нимб
царь,беркут
романс,эфес
ноутбук,садизм
переподготовка,экспрессия
неописуемый,явственный
альпийский,экий
малоизвестный,асимметричный
проповедовать,разъедать
общенародный,неприкрытый
дарование,оцепление
презерватив,ландыш
видеомагнитофон,субстрат
искажения,удушья
преданность,спесь
сближение,лыко
благотворный,бесхитростный
истукан,колосс
латышский,бордовый
заплаканный,приметный
мотоцикл,катар
балетный,розоватый
северокорейский,глинистый
марш,фронтон
сокрушительный,гавайский
среднемесячный,рыбачий
прочный,начитанный
рассеянный,однократный
обеспеченность,праздность
обменный,выполнимый
ломтик,памфлет
раздевалка,прошивка
пришлый,набитый
неграмотный,целомудренный
керамика,грыжа
подавление,кораблекрушение
средиземный,наихудший
противостояние,вымя
снабжение,терзание
психолог,лошак
жевательный,ломкий
возрастной,шаровой
улочка,унция
магнитофонный,неправедный
расписка,ямочка
судья,скворец
русло,омерзение
яичница,арфа
самовольный,нескладный
лейтенант,варяг
путный,отверженный
разгрузка,оперетта
застарелый,упитанный
лисий,неказистый
извинение,новаторство
малиновый,гостиный
древний,благообразный
клубок,некрополь
аристократический,чукотский
тоскливый,деловитый
занавеска,зоология
подворотня,обедня
скорбный,вкрадчивый
распределительный,бенгальский
разворачивать,восполнять
анкета,папаха
нищенский,подведомственный
обман,магний
законченный,несокрушимый
горючий,двуглавый
снедь,преемственность
волк,зубр
гонорар,калач
мэр,молдаванин
мячик,песчаник
мороженое,сопереживание
оскорбительный,заведомый
шествие,просторечие
непроглядный,противоракетный
пилить,замораживать
вологодский,боеспособный
выстрел,углеводород
иллюзорный,ненецкий
аксессуар,подшипник
смежный,пакистанский
задумчивый,неслышный
ленточный,напористый
херня,компьютеризация
апрельский,продвинутый
злостный,расстроенный
заправка,телефония
глушь,скупость
среднеазиатский,обманный
гайка,статика
астральный,ненадлежащий
нездоровый,разделительный
мозаика,толчея
правопорядок,кальян
пьедестал,вояж
ответный,носатый
профилактика,симуляция
этюд,нарыв
гарнизон,омлет
безбрежный,пленительный
охотничий,земноводный
парный,вороний
приманка,редиска
реквизит,синдикат
погребальный,потухший
лазурный,оркестровый
спекулятивный,дагестанский
крытый,платонический
благодатный,сивый
царица,прачка
агрессия,сварка
тривиальный,самонадеянный
земский,рубиновый
распорядок,ставень
вязаный,покатый
крутить,гнести
экспедиционный,гидравлический
чемпионский,двукратный
купюра,сбруя
невиновный,безногий
царапина,соха
постельный,манящий
каблук,кантон
авангард,чуб
красноармейский,обидчивый
ввод,анамнез
купол,манускрипт
трактат,браунинг
интрига,махорка
картинка,брусника
сэр,осьминог
войсковой,передвижной
юноша,жлоб
недействительный,картографический
серп,сапфир
высокомерный,резонный
избитый,прожорливый
подъезд,милитаризм
уборная,вакханалия
пульс,растворитель
водопровод,гной
невеста,гнида
удачливый,обитаемый
дискомфорт,сброд
литовский,кокетливый
устранение,противоядие
перемещение,окисление
прохождение,вкрапление
стилистический,рудный
табуретка,эпиграмма
касса,лиственница
нерешительный,поголовный
сорокалетний,сейсмический
выпускной,видовой
комбинация,коррозия
суровость,санчасть
непроницаемый,истекший
соприкосновение,озлобление
кошка,покойница
непродолжительный,павший
отборочный,самодержавный
пластический,слабоумный
ореховый,травянистый
проезжий,конический
холл,кремний
контрреволюционный,начальственный
дохлый,пунцовый
коровий,пухленький
порог,агат
типовой,плечевой
впечатлительный,почечный
своеобразие,сосание
инсульт,подгузник
производный,неравномерный
грядка,хризантема
окрестный,конторский
секретарша,пассия
написание,склонение
нора,стенокардия
полиэтиленовый,неумный
планомерный,проникновенный
лиловый,геофизический
пешеходный,дымчатый
неосуществимый,англосаксонский
нанесение,солнцестояние
архитектурный,лаковый
параметр,пушок
португальский,отделочный
рассмотрение,благовещение
положенный,предполагаемый
напор,аргон
туманность,повторяемость
чемоданчик,миндаль
выдвижение,добродушие
китаец,баклан
головоломка,химчистка
русификация,маца
непоколебимый,дословный
светильник,сель
заготовка,кастрация
певица,анаконда
кораблик,презент
новелла,маслина
самолюбие,автомагистраль
указательный,исполненный
цистерна,мешанина
непригодный,беспочвенный
транс,мопед
глухонемой,черепной
погребение,восхваление
покаяние,кровоизлияние
защитник,сурок
фреска,метрика
невежество,промывание
индустриальный,беспрепятственный
пульт,бронхит
ковчег,полустанок
капитан,славянофил
увесистый,прихотливый
ржаветь,странствовать
трепет,бекон
бесформенный,цинковый
колокольчик,артрит
валун,свинарник
банановый,соразмерный
лампочка,пантомима
выносливость,безмятежность
стационар,катехизис
роща,незадача
сан,кварц
неразборчивый,кристальный
репродукция,мультипликация
невзрачный,мужицкий
податливый,гетеросексуальный
щелчок,маргарин
бесстыжий,совещательный
закладка,тигрица
хранилище,чистилище
обочина,солянка
превращение,водоизмещение
примат,глухарь
камушек,рикошет
мощь,жабры
несовместимый,предусмотрительный
дракон,хариус
отбой,абсент
тренерский,обворожительный
туловище,безденежье
интернат,скипетр
гороховый,бестактный
артистический,замшелый
заокеанский,надводный
барышня,наставница
пагубный,неразрывный
ликвидация,онкология
злосчастный,многословный
лобовой,рябой
рождение,миро
подкова,крупинка
будильник,ксенон
стоянка,сублимация
сборище,плоскогорье
бильярд,конденсат
гармонический,слышимый
доморощенный,ненастный
предписание,наделение
примета,платина
инертный,полуоткрытый
ноябрьский,неизмеримый
лифчик,лиман
дробный,мастерский
фасад,можжевельник
арифметический,шипящий
антифашистский,поправимый
прощание,недержание
мимика,амфора
слуховой,среднегодовой
проведение,градостроительство
архаичный,моложавый
диагностический,страдальческий
невыполнимый,стыдливый
кузница,натуга
находчивый,словацкий
ассоциативный,веснушчатый
усердие,слагаемое
коммуникативный,замедленный
доспехи,рассол
вкусовой,гнедой
курорт,субтитр
сумеречный,индонезийский
игорный,клейкий
кленовый,эротичный
студентка,украинка
рация,космология
местность,порочность
годный,пористый
крохотный,термический
игла,телятина
вручение,подданство
слабый,иноязычный
выразительный,сладострастный
беспристрастный,беззаветный
пробел,протекторат
здешний,подследственный
квартирный,антропоморфный
пухнуть,хохотать
измена,анафема
невыразимый,алгебраический
матерный,брюссельский
надежда,пятерня
флейта,конверсия
корреспонденция,оладья
языческий,кровельный
бутик,окорок
разговорчивый,квашеный
настойчивый,сочувственный
дифференциальный,обрывистый
фанерный,клеветнический
брезент,неологизм
реалистический,лиственный
тридцатилетний,глагольный
конфета,развалина
вальс,пигмент
необъяснимый,раздражающий
предосудительный,привередливый
формуляр,клитор
визитка,рекогносцировка
балтийский,пуховый
молот,столбняк
гавань,интимность
створка,изжога
муза,гиена
иррациональный,курдский
шайка,самокритика
искренность,шероховатость
пирожное,богохульство
осуществимый,люминесцентный
изюминка,подстава
волосатый,плешивый
манеж,ацетон
запредельный,полимерный
вовлечение,ханжество
рыболовный,аутентичный
вращение,накаливание
введение,обезболивание
букет,вареник
протокольный,шампанский
шеренга,баланда
фестивальный,предположительный
затылок,многоугольник
внеочередной,осевой
княжеский,покинутый
холеный,покаянный
биографический,глубоководный
краевой,литой
вокзальный,заносчивый
рычаг,пудинг
авантюрный,аллегорический
лирический,ступенчатый
зарядка,клоунада
живучий,ослиный
секундный,человекообразный
датчик,херес
прозаический,пунктуальный
усатый,антивоенный
соседка,пантера
беззубый,ординарный
визг,плинтус
родитель,лосось
массаж,ромб
пуск,бархан
складный,бережливый
экспозиция,горошина
наклонность,шаровары
непосильный,увеличительный
азербайджанский,везучий
транзит,глинтвейн
очарование,герцогство
альянс,гейзер
осадок,клипер
мохнатый,правомочный
помеха,воровка
свидетель,альбатрос
носик,вереск
аспирантура,артикуляция
подлинник,волдырь
трофейный,краснокожий
пень,поперечник
товарищеский,понятливый
гость,лилипут
рукоятка,аберрация
земляной,прописной
разлука,икота
мелочный,тектонический
стартовый,незамедлительный
безличный,антарктический
сладость,гармонь
доброжелательный,горделивый
оплошность,свирель
ранение,древко
бокс,реактив
пожар,полмиллиона
сортировка,серенада
неожиданностей,галер
устойчивость,неоднородность
блузка,аритмия
берлога,волынка
писательский,злопамятный
толчок,ватман
блюдце,раздолье
мотив,мышьяк
внебрачный,неподкупный
циферблат,лютик
патриархальный,поваренный
тюменский,нержавеющий
приблизительный,всемерный
смешение,соцветие
внешнеторговый,водянистый
отеческий,троюродный
фигня,ольха
повелительный,отсутствующий
вопросительный,порожний
незатейливый,увядший
приятель,сексолог
священник,вепрь
шаблон,дебет
вылет,копчик
девица,плотва
выдумка,черешня
дымовой,снеговой
колбасный,обратимый
недовольство,повешение
извещение,прелюбодеяние
стенд,желвак
патриарший,червонный
кинотеатр,сочельник
демонстративный,неприязненный
строение,урчание
кишечный,безрукий
низменный,иллюстрированный
словесность,пунктуальность
амнистия,зубочистка
постройка,котловина
близорукий,внесудебный
баллон,сандвич
рулетка,какофония
библиотечный,деревообрабатывающий
девочка,боярыня
задница,неполнота
прикрытие,сухожилие
рубрика,ампутация
карманный,помпезный
купеческий,дилетантский
киоск,карамель
гортанный,претенциозный
непреложный,почвенный
высохший,контейнерный
вождь,выхухоль
развитие,бабло
награда,саванна
трофей,градиент
скидка,тога
узор,кворум
посвящение,испражнение
позитив,ясень
калькулятор,пируэт
кубик,зев
жертвоприношение,упрочение
набросок,флюид
стерильный,нерукотворный
тендер,смак
национальность,брошь
побег,галлон
жилет,студень
вторичный,околоземный
ощупь,корь
щепка,абсорбция
ярлык,морс
платиновый,неразговорчивый
объяснимый,неукоснительный
заурядный,крахмальный
иск,аммиак
запятая,ливрея
мальчишеский,однорукий
бесшабашный,тлетворный
щедрый,боязливый
узенький,бездыханный
пренебрежение,стропило
мозоль,отповедь
типографский,сухощавый
неисправный,эмалированный
пятачок,каннибализм
шнур,метастаз
деление,орошение
матросский,старушечий
пакость,надменность
графиня,союзница
служанка,косуля
квантовый,сосредоточенный
низкорослый,петушиный
сенсационный,бесполый
укрытие,конфуцианство
орлиный,изношенный
гроза,тщета
висячий,промысловый
настроение,придыхание
фанера,ужимка
бренный,удмуртский
ферма,отара
нудный,мертвенный
заботливый,злорадный
въезд,тын
хронология,усобица
дворянский,расширенный
умножение,озеленение
вентилятор,посул
знаменательный,нечастый
лом,чертополох
поэтический,кабардинский
концепция,кувшинка
прикосновение,сопло
жены,выдра
загадка,хунта
помысел,префикс
безжизненный,рьяный
плед,навет
хроника,година
клетчатый,импозантный
ограда,профессура
скука,халва
ослепительный,уклончивый
сложение,мусульманство
усовершенствование,решето
рыбный,согласованный
сутулый,невоспитанный
полумрак,кобальт
капюшон,статут
температурный,разгневанный
пряник,медосмотр
повозка,дистрофия
хребет,ребус
контингент,аэрозоль
шкатулка,подкормка
оздоровительный,шероховатый
эталон,неон
неистребимый,испорченный
двухместный,ионный
сторонник,спаниель
великолепие,обручение
кинематографический,разрешимый
предпосылка,уния
ирония,экзема
малочисленный,ребячий
майор,фазан
клок,анабиоз
бульварный,уравновешенный
замедление,здравомыслие
худощавый,ворчливый
бульон,мушкет
бескровный,ясновидящий
брезентовый,примирительный
исход,радий
бодрость,машинопись
пневматический,пустячный
бойкий,флегматичный
келья,желтуха
пояс,вермут
проекция,астра
канава,аорта
выкрикивать,ужесточать
секретарь,пикетчик
жаркий,безотказный
башмак,грейпфрут
шотландский,калмыцкий
свежесть,хоругвь
придаточный,индоевропейский
шторм,инжир
гарь,упряжь
лотерея,сахарница
исток,солод
наследственный,одноногий
снайперский,прославленный
гостья,куница
признательность,специфичность
курсовой,младой
одноглазый,суховатый
дерзость,окаменелость
негодный,лимфатический
похвальный,присутственный
свод,пестик
несущественный,безосновательный
одеколон,контрабас
флотилия,абракадабра
эпос,кулуары
выпад,диод
пикантный,одинарный
свисток,початок
перелом,сельдерей
бескрайний,вьючный
обособленный,внутривенный
бортовой,лепной
врачебный,существительный
компактный,безвозвратный
жгучий,подветренный
переживание,забрало
грунт,адюльтер
шлюз,ингибитор
бумажник,шпинат
неприхотливый,маринованный
бокал,космополитизм
заячий,выжидательный
порода,мирра
календарный,пессимистичный
небытие,искусствоведение
виток,зефир
епархиальный,льстивый
ситцевый,распутный
лакомый,сирый
казачий,курительный
шоссейный,мозолистый
овца,заявительница
стоячий,буквенный
неотразимый,коллегиальный
метровый,увечный
словосочетание,кипячение
достопримечательность,кислотность
безымянный,плаксивый
измерение,культивирование
гибкость,вермишель
ученический,лесбийский
овечий,никелированный
компания,печурка
бедро,папство
забвение,сгущение
пучок,троцкизм
прядь,обрядность
баночка,физиотерапия
всеобъемлющий,босоногий
мальчишка,шавка
палочка,магма
неповторимый,бухарский
капустный,альтруистический
иронический,макаронный
миссионерский,необработанный
интервал,дукат
наркотический,взволнованный
шоколадка,фантасмагория
водосточный,уничижительный
рудник,дубок
эскиз,бивень
инвалид,лемур
брат,снеговик
эмиссия,патетика
скобка,теософия
оконный,бобовый
профессор,неуч
александрийский,обольстительный
преграда,инсинуация
перестрелка,деспотия
словарный,беспошлинный
табурет,намаз
насаждать,отчуждать
македонский,хлопотливый
летучий,полузабытый
легковой,многоцелевой
предохранитель,нефрит
кордон,авантюризм
запрещение,молозиво
горбатый,непромокаемый
парковка,метрология
скульптурный,герметический
посев,гамбит
крышка,гонорея
карикатура,лесопилка
учительница,каракатица
укус,подстаканник
радар,холодец
семестр,спринт
специалист,подкидыш
удел,кумыс
маятник,твист
гимназический,древовидный
каторжный,алгоритмический
извилистый,затылочный
майка,милитаризация
пластинка,рессора
позапрошлый,маньчжурский
выступ,боярышник
бамбуковый,сговорчивый
патент,домкрат
сотрудник,москит
онтологический,подавленный
усердный,расслабленный
фартук,аккредитив
авианосец,педикюр
мойка,электротехника
зов,имбирь
поджарый,словообразовательный
наряд,тропик
значительность,уместность
включение,злато
отпечаток,злотый
темница,ежевика
охотник,гепард
отрава,клюка
витрина,акробатика
карниз,гербарий
бараний,трубчатый
ремешок,подорожник
композиционный,неотступный
эластичный,подрядный
гормональный,сыновний
эмигрантский,взбалмошный
больная,муфта
шуточный,несговорчивый
стажировка,арба
исполнительский,изобильный
проститутка,антилопа
ртутный,наветренный
детдом,тромб
неразличимый,бронебойный
прозрение,сочленение
продавец,дикобраз
мамаша,малиновка
лорд,гиппопотам
зарождение,проворство
полуденный,родословный
апелляция,дамка
конъюнктурный,абрикосовый
еженедельник,грешок
веточка,каллиграфия
бюллетень,квазар
самоуверенный,встревоженный
сердобольный,ребяческий
шашка,этиология
несущий,болезнетворный
иголка,спаржа
идиотский,лесопильный
коленка,подагра
латиноамериканский,бракоразводный
гибкий,продуманный
кандидат,сиг
склеп,санскрит
телеграфный,делимый
оператор,сыч
полицейского,русак
сострадание,завихрение
ниточка,стратосфера
корысть,иконопись
меховой,броневой
возведение,бахвальство
неполноценный,преодолимый
предостережение,кровосмешение
раунд,оползень
треугольный,потрясный
неуверенный,превратный
демонический,ультраправый
оливковый,апатичный
комендантский,перистый
гусли,вязкость
строка,недоимка
присоединение,пресмыкающееся
кондиционер,слалом
аккорд,синус
пение,долготерпение
кредиторский,односложный
уклон,монотеизм
нерушимый,бирманский
потоп,сфинктер
сношение,прикрепление
автоматный,заброшенный
неуважение,подстрекательство
дружелюбный,единогласный
раскрытие,антивещество
номенклатурный,устарелый
спуск,крокус
поспешный,беспрестанный
свинья,непоседа
удар,германий
разноцветный,старославянский
возвратный,алжирский
лавровый,неустрашимый
постель,беспристрастность
фонарик,лейкоз
пленум,медяк
неистовый,участливый
преследование,приборостроение
манежный,чудаковатый
парафин,мюзикл
сообразительный,соизмеримый
труднодоступный,именительный
моча,палеонтология
подружка,макака
веранда,психопатология
дежурство,неподчинение
расписание,сродство
ансамбль,рудимент
цилиндр,агностицизм
артикул,хоромы
мельница,катаракта
переводчик,мастодонт
курчавый,палеонтологический
укол,мусс
лифт,марганец
портвейн,спич
христианин,бекас
мальчик,бурундук
электричество,умопомрачение
противопожарный,высокохудожественный
ненаглядный,церковнославянский
утешение,перенаселение
клюв,позитрон
караван,глицерин
небезопасный,бесповоротный
кнут,дециметр
шампунь,хрящ
зубной,вихревой
наказ,половник
карликовый,проходимый
костыль,атолл
болгарский,эпидемический
обстрел,планктон
ходячий,уменьшительный
рождаемость,непорочность
лоза,мазурка
мотыга,шарада
недвусмысленный,чинный
прокладка,оливка
массивный,проверенный
добавление,многословие
опровергать,растапливать
изогнутый,эпидемиологический
бугор,буй
камин,муссон
россиянин,павиан
бывалый,готский
баян,зачин
незаменимый,завершающий
парашют,молибден
аванс,дольмен
комбинат,дефис
образцовый,скованный
сосед,пескарь
подчинение,безветрие
правдивый,подобострастный
раскол,тезаурус
тусовка,гондола
упрямство,черчение
безвестный,межгалактический
колесница,краснуха
репортаж,базальт
перевал,эдельвейс
сцена,рокировка
путаница,бадья
западноевропейский,игристый
прах,инфинитив
дыхательный,туземный
общепризнанный,быстроходный
нива,осанна
возня,сардина
занимательный,полированный
луковица,переменка
развязка,азалия
подлость,набожность
идиот,аллигатор
холостяцкий,изнеженный
фокус,неф
беспризорный,неодобрительный
непослушный,амурный
присмотр,амвон
контроллер,кильватер
радиолокационный,компанейский
неотделимый,порошковый
дубль,ятаган
кинематограф,авиаотряд
снасть,пропорциональность
булыжник,вотум
отблеск,обтекатель
уют,нарзан
бездарный,методичный
теннисный,модальный
хижина,лемма
стационарный,боснийский
продольный,вогнутый
газон,гербицид
майорат,апокриф
косынка,подноготная
багажник,пантеизм
румяна,потроха
полномочный,обшарпанный
возмездие,каление
басня,драхма
темперамент,нокдаун
непредвиденный,аэробный
рейд,азимут
завет,оникс
губернатор,зяблик
светофор,асбест
папироса,запеканка
конвейер,вольфрам
ландшафт,фокстрот
хронологический,синеглазый
курган,надир
пародия,простокваша
капитанский,пробковый
благоустроенный,членораздельный
булочка,военщина
крушение,вегетарианство
переломный,словенский
переправа,аллитерация
аллея,мошкара
пояснение,фермерство
шалаш,абрис
консоль,вменяемость
пароль,дубляж
канон,зуммер
пейзаж,заморозок
квадрат,полиомиелит
козий,безотрадный
единоборство,поветрие
сбой,антиген
гибель,латунь
заглавный,глумливый
пересечение,обожествление
макушка,баллистика
коридорный,тяговый
муть,перегруз
подножие,приписывание
поводок,антитезис
смазка,теократия
выговор,сидр
асфальтовый,многоязычный
эгоизм,квадрант
нотный,разнузданный
догадка,лимфа
гражданин,басмач
госпитальный,докучливый
шахта,барщина
воспитанный,солоноватый
нашествие,крошево
праздный,собственноручный
малыш,ибис
девчонка,настоятельница
любознательный,безволосый
респондент,вологжанин
добропорядочный,винодельческий
доход,баобаб
холодильник,мальчишник
няня,жадина
пена,утайка
камыш,панегирик
спецификация,анаграмма
трюк,ильм
размах,мартиролог
жуть,недействительность
кропотливый,грудастый
монолитный,мясницкий
добродушный,озадаченный
решительность,проницаемость
интуиция,европеизация
кормушка,диффамация
нескрываемый,пресноводный
ангел,палтус
зонтик,реагент
рецензия,конка
деревушка,пуховка
гарантийный,голосистый
свалка,титька
училище,вече
неполноценность,абстрактность
деликатность,изморозь
темпераментный,аристократичный
бюст,энцефалит
шифр,притвор
вонючий,уйгурский
корзинка,росомаха
трусливый,укоризненный
миг,брандер
разворот,стейк
прокатный,благовонный
начальник,библиофил
мышиный,непреднамеренный
переделка,рукопашная
вымышленный,санскритский
дверной,буровой
дорожный,всевидящий
подставка,требуха
обложка,аннигиляция
тренер,негритос
значок,лимфоцит
