source,target
интерес,месяц
интереса,месяца
современная,подобная
современный,подобный
различное,великое
различный,великий
центр,период
центра,периода
направление,утро
направления,утра
количества,использования
количество,использование
социальная,обычная
социальный,обычный
огромная,реальная
огромный,реальный
участие,событие
участия,события
природа,неделя
природу,неделю
компанию,музыку
компания,музыка
характер,разговор
характера,разговора
документ,институт
документа,института
точка,территория
точку,территорию
сторона,операция
сторону,операцию
ситуацию,оценку
ситуация,оценка
научная,необходимая
научный,необходимый
детский,нормальный
детское,нормальное
средний,широкий
средняя,широкая
сложная,международная
сложный,международный
странная,экономическая
странный,экономический
ума,возраста
умом,возрастом
поведение,желание
поведения,желания
страшная,маленькая
страшный,маленький
проект,анализ
проекта,анализа
песню,надежду
песня,надежда
удар,комментарий
удара,комментария
попытка,база
попытку,базу
необходимость,мысль
необходимостью,мыслью
республика,нога
республику,ногу
здание,мнение
здания,мнения
скоростей,технологий
скоростью,технологией
списка,успеха
список,успех
организацию,функцию
организация,функция
чужая,близкая
чужое,близкое
влияние,войско
контроль,апрель
контроля,апреля
стран,радостей
страной,радостью
правильная,особая
правильный,особый
личности,дочери
личность,дочь
важная,городская
важное,городское
журнал,сентябрь
журнала,сентября
компьютер,университет
компьютера,университета
человеческая,глубокая
человеческий,глубокий
причина,деревня
причину,деревню
известная,профессиональная
известный,профессиональный
большая,федеральная
больший,федеральный
позицию,федерацию
позиция,федерация
мировая,значительная
мировое,значительное
явление,средство
явления,средства
соответствующая,информационная
соответствующий,информационный
северная,историческая
северный,исторический
вывод,форум
вывода,форума
иностранные,нынешние
иностранный,нынешний
нужная,естественная
нужный,естественный
западная,массовая
западный,массовый
внутренний,дальнейший
внутренняя,дальнейшая
сомнение,письмо
сомнения,письма
фирма,сотня
фирму,сотню
строительства,образования
строительство,образование
последний,официальный
последняя,официальная
условие,поколение
условия,поколения
умная,центральная
умный,центральный
корабль,организм
корабля,организма
усилие,заявление
усилия,заявления
музей,перевод
музея,перевода
собрание,применение
собранию,применению
основная,сегодняшняя
основное,сегодняшнее
собственная,активная
собственный,активный
действие,помещение
действия,помещения
женская,электронная
женский,электронный
машиной,реальностью
степени,кровати
степень,кровать
январь,комплекс
января,комплекса
старшая,бедная
старший,бедный
май,бюджет
мая,бюджета
замечательная,опасная
замечательный,опасный
бизнес,приказ
бизнеса,приказа
бутылка,категория
бутылку,категорию
реализацию,администрацию
реализация,администрация
генералом,риском
генералу,риску
матерью,лошадью
мать,лошадь
момент,конкурс
момента,конкурса
внешний,точный
внешняя,точная
состав,налог
состава,налога
интернет,конфликт
интернета,конфликта
настоящие,ранние
настоящий,ранний
гора,эпоха
гору,эпоху
больница,истина
больницу,истину
литературная,железная
литературный,железный
трудная,учебная
трудный,учебный
единая,материальная
единый,материальный
преступление,воспоминание
преступления,воспоминания
смысл,недостаток
смысла,недостатка
следующая,мощная
следующий,мощный
свободная,эффективная
свободный,эффективный
нижний,традиционный
нижняя,традиционная
гражданская,южная
гражданский,южный
команда,водка
команду,водку
невозможное,мягкое
невозможный,мягкий
впечатление,мероприятие
впечатлением,мероприятием
сфера,реформа
сферу,реформу
понимание,задание
понимания,задания
свежая,слабая
свежий,слабый
линией,обязанностью
линии,обязанности
принцип,расход
принципа,расхода
совет,диск
совета,диска
километр,шанс
километра,шанса
потребность,действительность
потребностью,действительностью
здоровью,убийству
здоровья,убийства
интересное,религиозное
интересный,религиозный
акцию,стратегию
акция,стратегия
общение,достоинство
общения,достоинства
правительства,выступления
правительство,выступление
духовная,узкая
духовный,узкий
финансовая,острая
финансовый,острый
лучшая,удивительная
лучший,удивительный
судей,зрителей
судья,зритель
вариант,ресторан
варианта,ресторана
ощущение,законодательство
ощущению,законодательству
публикацией,поверхностью
публикации,поверхности
продажа,логика
продажу,логику
постоянная,обратная
постоянный,обратный
столица,мечта
столицу,мечту
процедура,религия
процедуру,религию
торговая,толстая
торговый,толстый
соседнее,ценное
соседний,ценный
горячее,достойное
горячий,достойный
этаж,кризис
этажа,кризиса
озеро,настроение
озеру,настроению
целая,дикая
целый,дикий
предыдущая,круглая
предыдущий,круглый
граница,характеристика
границу,характеристику
спокойная,индивидуальная
спокойный,индивидуальный
перед,минимум
огня,эксперимента
огонь,эксперимент
слава,пища
славе,пище
милицию,покупку
милиция,покупка
конечная,генеральная
конечный,генеральный
система,погода
систему,погоду
тенденцию,зарплату
тенденция,зарплата
инструмент,символ
инструмента,символа
камень,статус
камня,статуса
планета,тюрьма
планету,тюрьму
небольшая,психологическая
небольшое,психологическое
доступное,региональное
доступный,региональный
дополнительная,независимая
дополнительный,независимый
течение,объяснение
течения,объяснения
разная,солнечная
разный,солнечный
решение,сотрудничество
решения,сотрудничества
зона,единица
зону,единицу
ближайшее,существенное
ближайший,существенный
губа,империя
губой,империей
программа,цивилизация
программу,цивилизацию
версию,полицию
версия,полиция
тихая,редкая
тихий,редкий
масса,ставка
массу,ставку
номер,стакан
номером,стаканом
карта,забота
карту,заботу
способная,популярная
способный,популярный
тело,мышление
телу,мышлению
возможности,академии
возможностью,академией
обмен,коллектив
обмена,коллектива
затрат,лодок
затрата,лодка
высшая,деревянная
высший,деревянный
декабрь,образец
декабря,образца
истинная,школьная
истинный,школьный
население,утверждение
населения,утверждения
телефонные,крепкие
телефонный,крепкий
творчества,воскресенья
деловая,злая
деловой,злой
обеспечение,кольцо
обеспечения,кольца
множества,напряжения
множество,напряжение
морская,обязательная
морское,обязательное
сельская,дальняя
сельский,дальний
крупная,строгая
крупный,строгий
единственная,противоположная
единственный,противоположный
очередная,ядерная
очередное,ядерное
болезни,подробности
болезнь,подробность
бывшая,уникальная
бывший,уникальный
фигур,эмоций
фигура,эмоция
политическая,воздушная
политический,воздушный
высокий,уголовный
высокое,уголовное
многочисленная,каменная
многочисленный,каменный
отказ,цикл
отказа,цикла
судебная,разумная
судебный,разумный
яркая,успешная
яркий,успешный
понятие,облако
понятия,облака
флот,памятник
флота,памятника
повышение,телевидение
повышения,телевидения
роман,архив
романа,архива
картина,нация
картину,нацию
конкретное,текущее
конкретный,текущий
остальная,правовая
остальной,правовой
фронт,океан
фронта,океана
отсутствие,сохранение
отсутствия,сохранения
сумма,инициатива
сумму,инициативу
масштаб,понедельник
масштаба,понедельника
способности,лекции
способностью,лекцией
понятное,интеллектуальное
понятный,интеллектуальный
культурная,абсолютная
культурный,абсолютный
источник,семинар
источника,семинара
параметр,вуз
параметра,вуза
довольные,юные
довольный,юный
местная,длительная
местный,длительный
регион,автомат
региона,автомата
заказ,меч
заказа,меча
ноябрь,мешок
ноября,мешка
очереди,совести
очередь,совесть
занятие,сообщество
занятию,сообществу
клетка,ассоциация
клетку,ассоциацию
реклама,ракета
рекламы,ракеты
штаб,темп
штабе,темпе
быстрая,привычная
быстрый,привычный
совместная,необычная
совместный,необычный
восточная,бесплатная
восточный,бесплатный
пункт,аргумент
пункта,аргумента
теорию,нужду
теория,нужда
сектор,формат
секторе,формате
позднее,британское
поздний,британский
народная,существующая
народный,существующий
прежнее,промышленное
прежний,промышленный
звук,туалет
звука,туалета
творческие,административные
творческий,административный
февраль,диалог
февраля,диалога
спина,свадьба
спину,свадьбу
югом,прибором
югу,прибору
языками,препаратами
языком,препаратом
аналогичная,самостоятельная
аналогичный,самостоятельный
мгновение,рассмотрение
мгновения,рассмотрения
чтение,обслуживание
чтения,обслуживания
похожая,минимальная
похожий,минимальный
жест,мороз
жестом,морозом
частная,стандартная
частный,стандартный
кухню,записку
кухня,записка
хозяйств,страданий
хозяйство,страдание
станцию,гарантию
станция,гарантия
восторг,космос
восторга,космоса
подъезд,сезон
подъезда,сезона
верная,скромная
верный,скромный
заметное,таковое
заметные,таковые
проведение,воображение
проведения,воображения
тайные,грубые
тайный,грубый
связанная,разнообразная
связанный,разнообразный
личная,глобальная
личный,глобальный
контакт,факультет
контакта,факультета
протяжение,стихотворение
протяжении,стихотворении
одежда,методика
одежду,методику
битва,формула
битву,формулу
файл,потенциал
файла,потенциала
видное,ответственное
видный,ответственный
мистер,волк
крайний,важнейший
крайняя,важнейшая
текст,салон
текста,салона
искусства,столетия
искусство,столетие
сухие,философские
сухого,философского
наркотик,фестиваль
наркотика,фестиваля
холм,кодекс
холма,кодекса
философию,частоту
философия,частота
зависимости,копии
зависимостью,копией
окончание,финансирование
окончанию,финансированию
редакцию,идеологию
редакция,идеология
структура,скала
структуры,скалы
контракт,литр
контракта,литра
крупнейшая,партийная
крупнейший,партийный
беда,лента
беду,ленту
налоговая,потенциальная
налоговый,потенциальный
фонд,идеал
фонду,идеалу
выпуск,парламент
выпуска,парламента
преимущества,соревнования
преимущество,соревнование
телефон,городок
телефона,городка
непосредственное,приличное
непосредственный,приличный
революцию,пенсию
революция,пенсия
создание,единство
создания,единства
газета,статистика
газету,статистику
сообщение,десятилетие
сообщении,десятилетии
известие,умение
известия,умения
вещества,улучшения
вещество,улучшение
производство,яблоко
производством,яблоком
участка,прогресса
участок,прогресс
экзамен,аэродром
экзамена,аэродрома
ролей,корпораций
ролью,корпорацией
победа,дисциплина
победу,дисциплину
обед,миф
обеда,мифа
улыбка,маска
улыбку,маску
август,кремль
августа,кремля
союз,авторитет
союза,авторитета
итальянская,подлинная
итальянский,подлинный
верхний,экологический
верхняя,экологическая
напитка,компонента
напиток,компонент
стиль,вклад
стиля,вклада
изменение,соображение
изменения,соображения
имелся,наблюдался
иметься,наблюдаться
поступка,металла
поступок,металл
непонятная,неправильная
непонятный,неправильный
глухая,теоретическая
глухую,теоретическую
тема,катастрофа
тему,катастрофу
соответствие,окружение
соответствия,окружения
медицинский,окончательный
медицинское,окончательное
летний,металлический
летняя,металлическая
чудесная,печальная
чудесный,печальный
набор,блин
наборы,блины
менеджеру,опросу
менеджеры,опросы
сильная,публичная
сильный,публичный
темнота,платформа
темноту,платформу
отраслей,тонн
отраслями,тоннами
рассказ,сахар
рассказу,сахару
передача,эволюция
передачу,эволюцию
жалоба,пустыня
жалобу,пустыню
карточка,обида
карточку,обиду
солнца,вооружения
солнцу,вооружению
аппарат,гнев
аппарата,гнева
положительное,недавнее
положительный,недавний
услуга,долина
услугу,долину
спортивные,невероятные
спортивный,невероятный
одинаковое,законное
одинаковый,законный
связи,благодарности
связь,благодарность
противное,справедливое
противный,справедливый
трудовая,революционная
трудовые,революционные
всеобщая,взаимная
всеобщий,взаимный
температура,легенда
температуре,легенде
присутствие,установление
присутствием,установлением
цифровая,письменная
цифровые,письменные
страница,тарелка
страницу,тарелку
публика,медицина
публику,медицину
искусственная,виртуальная
искусственный,виртуальный
денежная,тесная
денежный,тесный
младшая,базовая
младший,базовый
очевидная,электрическая
очевидный,электрический
космическая,гигантская
космический,гигантский
банк,словарь
банка,словаря
отечественная,дурная
отечественного,дурного
отличная,вредная
отличный,вредный
прошлой,технологической
прошлый,технологический
достаточные,психические
достаточный,психический
верховное,нравственное
верховный,нравственный
великолепная,закрытая
великолепный,закрытый
знаменитая,химическая
знаменитый,химический
карман,указ
кармана,указа
картинка,община
картинку,общину
фраза,лампа
фразу,лампу
образовательная,двойная
образовательные,двойные
комментировать,поднимать
комментирует,поднимает
объявление,уничтожение
объявления,уничтожения
алкоголь,мотор
алкоголя,мотора
лагерь,приговор
лагерю,приговору
значение,расследование
значению,расследованию
места,соотношения
место,соотношение
отличие,укрепление
отличия,укрепления
атака,пещера
атаку,пещеру
опытные,энергетические
опытный,энергетический
неприятное,совершенное
неприятный,совершенный
килограмм,замысел
килограмма,замысла
июнь,матч
июня,матча
отношение,подтверждение
отношением,подтверждением
крут,указан
крутые,указанные
съезд,департамент
съезда,департамента
обязательства,владения
обязательство,владение
игра,элита
игру,элиту
сервисов,рад
неплохая,любопытная
неплохие,любопытные
явная,коммунистическая
явный,коммунистический
итог,склон
итога,склона
слеза,провинция
слезу,провинцию
перо,познание
перу,познанию
предприятие,любопытство
предприятия,любопытства
обсуждение,голосование
обсуждению,голосованию
чашка,иллюзия
чашку,иллюзию
персонаж,гений
персонажа,гения
римские,невидимые
римский,невидимый
природная,радостная
природный,радостный
голое,социалистическое
голый,социалистический
утреннее,наибольшее
утренний,наибольший
храм,протест
храма,протеста
ясное,бюджетное
ясный,бюджетный
уголке,рассвете
уголок,рассвет
практический,повышенный
практическое,повышенное
рамка,валюта
рамки,валюты
проблема,кабина
проблему,кабину
объективная,системная
объективный,системный
торговлю,куртку
торговля,куртка
ненависть,численность
ненавистью,численностью
тревога,копейка
тревоги,копейки
октябрь,баланс
октября,баланса
жизненное,универсальное
жизненный,универсальный
культура,морда
культуру,морду
состояние,сражение
состояния,сражения
доход,фрагмент
дохода,фрагмента
увеличение,семейство
увеличения,семейства
горные,привлекательные
горный,привлекательный
показатель,социализм
показателя,социализма
нежная,благоприятная
нежный,благоприятный
нарушение,обещание
нарушения,обещания
прогнозов,следователей
прогнозу,следователю
намерение,посольство
намерении,посольстве
мощность,плоть
мощностью,плотью
производственная,скрытая
производственный,скрытый
запрет,платок
запрета,платка
законодательное,коллективное
законодательный,коллективный
вечная,биологическая
вечный,биологический
лишнее,либеральное
лишний,либеральный
сайт,снимок
сайта,снимка
изображение,топливо
изображения,топлива
подушка,монета
подушку,монету
бесполезно,слышно
муниципальная,фундаментальная
муниципальный,фундаментальный
ровное,присущее
ровный,присущий
поиск,вирус
поиска,вируса
сетевого,бурного
сетевые,бурные
плотные,грустные
плотный,грустный
ночную,автомобильную
ночные,автомобильные
морали,последовательности
мораль,последовательность
комитет,арест
комитета,ареста
реакцию,пропаганду
реакция,пропаганда
класс,тариф
класса,тарифа
журналист,робот
журналиста,робота
подписи,усталости
подпись,усталость
таинственной,искренней
таинственный,искренний
распространение,регулирование
распространения,регулирования
смешное,формальное
смешные,формальные
скорая,позитивная
скорый,позитивный
привлечению,несчастью
привлечения,несчастья
ответственности,недвижимости
ответственность,недвижимость
дневник,чемпионат
дневника,чемпионата
одиночества,поступления
одиночество,поступление
мерой,гипотезой
жизней,колоний
жизнью,колонией
лечение,страхование
лечения,страхования
древний,принципиальный
древняя,принципиальная
район,турнир
района,турнира
дождь,грузовик
дождя,грузовика
логическая,контрольная
логический,контрольный
роза,авария
розу,аварию
бассейн,интеллект
бассейна,интеллекта
домик,перечень
домика,перечня
субъект,желудок
субъекта,желудка
сказка,тактика
сказку,тактику
проза,лавка
прозу,лавку
палец,тезис
пальца,тезиса
боевую,значимую
боевые,значимые
труба,компенсация
трубу,компенсацию
назначение,христианство
назначению,христианству
благе,изготовлении
сознание,ведомство
сознанию,ведомству
королевские,правительственные
королевский,правительственный
чемодан,развод
чемодана,развода
служебного,драгоценного
служебный,драгоценный
благодарное,безопасное
благодарный,безопасный
хозяйка,муха
хозяйки,мухи
договор,капитализм
договора,капитализма
устав,полдень
уставу,полудню
велосипед,лозунг
велосипеда,лозунга
длинная,фантастическая
длинный,фантастический
точность,смесь
точностью,смесью
схема,картошка
схему,картошку
коммерческие,загадочные
коммерческий,загадочный
бумажная,студенческая
бумажный,студенческий
вкусная,могучая
вкусный,могучий
блок,конгресс
блока,конгресса
грязная,идеологическая
грязный,идеологический
отель,штраф
отеля,штрафа
продукт,приоритет
продукта,приоритета
фонарь,бензин
фонаря,бензина
исходная,элементарная
исходный,элементарный
анализировать,волновать
анализируют,волнуют
пространства,усиления
пространство,усиление
виноватого,неверного
виноватый,неверный
недовольные,незначительные
недовольный,незначительный
последующее,незаконное
последующий,незаконный
железнодорожное,президентское
железнодорожный,президентский
мокрая,исключительная
мокрый,исключительный
церкви,национальности
церковь,национальность
лап,церемоний
лапа,церемония
управление,возбуждение
управлением,возбуждением
светлая,конституционная
светлый,конституционный
уверенности,стабильности
уверенность,стабильность
германская,альтернативная
германский,альтернативный
лицензию,интерпретацию
лицензия,интерпретация
упражнение,железо
упражнения,железа
грамм,госпиталь
грамма,госпиталя
порог,климат
порога,климата
рыночного,целевого
рыночные,целевые
объяснялась,сопровождалась
объясняться,сопровождаться
собственности,биографии
собственностью,биографией
конференцию,травму
конференция,травма
избирательная,скучная
избирательный,скучный
непрерывное,прошедшее
непрерывный,прошедший
середина,сдача
середину,сдачу
пулю,интеллигенцию
пуля,интеллигенция
размышление,отечество
размышления,отечества
демократический,полноценный
демократическое,полноценное
строка,речка
строке,речке
внедрение,величество
внедрения,величества
вкус,диагноз
вкуса,диагноза
поправка,иллюстрация
поправкой,иллюстрацией
удачная,сибирская
удачный,сибирский
инстинкт,порыв
инстинкта,порыва
пакет,кошмар
пакета,кошмара
профессию,интеграцию
профессия,интеграция
неизбежного,гуманитарного
неизбежный,гуманитарный
стратегический,решающий
стратегическое,решающее
объединение,предпочтение
объединения,предпочтения
зрение,воплощение
зрения,воплощения
коммунизм,ремень
коммунизма,ремня
модная,нелепая
модный,нелепый
рост,индекс
росту,индексу
рубль,сосуд
рубля,сосуда
размер,хаос
размера,хаоса
снижение,самоуправление
снижения,самоуправления
бессмысленная,трагическая
бессмысленный,трагический
вечерний,воинский
вечерняя,воинская
отряд,ритуал
отряду,ритуалу
тяжести,вечности
тяжесть,вечность
несчастная,организационная
несчастный,организационный
умственная,наивная
умственный,наивный
сюжет,дефицит
сюжета,дефицита
вино,поддержание
вину,поддержанию
согласие,программирование
согласию,программированию
худшая,телевизионная
худший,телевизионный
богатства,изобретения
богатство,изобретение
труп,алгоритм
трупы,алгоритмы
предварительная,относительная
предварительный,относительный
мирные,медленные
мирный,медленный
оплата,клиника
оплату,клинику
деятельность,невозможность
деятельностью,невозможностью
дискуссию,тропу
дискуссия,тропа
инвестиционная,механическая
инвестиционный,механический
обучение,раздражение
обучения,раздражения
комиссию,инфляцию
комиссия,инфляция
казнью,шириной
конкуренцию,модернизацию
конкуренция,модернизация
сценарий,митинг
сценария,митинга
потолка,ранга
потолок,ранг
таблетка,коррупция
таблетку,коррупцию
прочая,газовая
прочий,газовый
ужин,подбородок
маркетинг,суп
маркетинга,супа
представление,разочарование
представлению,разочарованию
совещание,гражданство
совещании,гражданстве
музыкальная,прочная
музыкальный,прочный
решительного,должного
решительный,должный
заключение,мужество
заключения,мужества
земного,стабильного
земную,стабильную
рациональное,жирное
рациональный,жирный
негативное,условное
негативный,условный
секретное,регулярное
секретный,регулярный
приятная,адекватная
приятный,адекватный
плоские,таможенные
плоский,таможенный
одеяло,уменьшение
одеялу,уменьшению
подарки,овощи
подарок,овощ
бытового,виновного
бытовые,виновные
пятно,проживание
характерное,сомнительное
характерный,сомнительный
жестокий,болезненный
жестокое,болезненное
оборудование,увлечение
оборудования,увлечения
двигатель,терроризм
двигателя,терроризма
штат,обряд
штатом,обрядом
математические,видимые
математический,видимый
звезда,делегация
звездой,делегацией
успокоился,высказался
успокоиться,высказаться
болей,окраин
болях,окраинах
задний,парламентский
задняя,парламентская
особенные,деревенские
особенный,деревенский
размещение,функционирование
размещения,функционирования
лабораторию,альтернативу
лаборатория,альтернатива
бесполезный,слышный
сурового,специализированного
суровый,специализированный
критическая,перспективная
критический,перспективный
знак,ген
знака,гена
полномочие,крыльцо
полномочия,крыльца
кусков,концентраций
куском,концентрацией
приход,спектр
прихода,спектра
бесконечные,чудовищные
бесконечный,чудовищный
миг,возврат
мигом,возвратом
появление,недоумение
появлением,недоумением
прозрачной,неизменной
прозрачный,неизменный
борода,винтовка
бородой,винтовкой
громадная,долгосрочная
громадный,долгосрочный
ложная,абстрактная
ложный,абстрактный
сознательная,неудачная
сознательный,неудачный
носком,сюрпризом
носок,сюрприз
рынков,доводов
рынок,довод
внимание,окошко
таблица,паника
таблицу,панику
облегчение,сходство
облегчением,сходством
выдающиеся,этнические
выдающийся,этнический
идея,вечеринка
завод,заработок
завода,заработка
царская,новейшая
царский,новейший
освещение,восстание
освещения,восстания
первоначальная,влажная
первоначальный,влажный
беседа,дверца
беседу,дверцу
собеседнике,импульсе
собеседников,импульсов
учреждение,приготовление
учреждений,приготовлений
дата,пирамида
дату,пирамиду
учение,нетерпение
учением,нетерпением
ствол,убыток
стволов,убытков
библию,экономию
библия,экономия
парк,энтузиазм
парка,энтузиазма
гараж,допрос
гараже,допросе
стеклянные,авиационные
стеклянный,авиационный
дону,виску
свойственной,недостаточной
свойственный,недостаточный
славного,смертельного
славный,смертельный
европейская,чрезвычайная
европейский,чрезвычайный
персонального,жилищного
персональный,жилищный
начальная,защитная
начальный,защитный
техническая,пенсионная
технический,пенсионный
паспорт,запуск
паспорту,запуску
стремление,равенство
стремления,равенства
возрождение,писание
возрождения,писания
вопрос,континент
вопроса,континента
подробное,агрессивное
подробный,агрессивный
смелые,уличные
смелый,уличный
субъективная,индийская
субъективный,индийский
равное,колоссальное
равный,колоссальный
авторский,предельный
авторское,предельное
камера,формулировка
камеру,формулировку
возможная,тогдашняя
возможный,тогдашний
бледное,непростое
бледные,непростые
дорожная,фактическая
дорожный,фактический
миной,иерархией
ссылались,ориентировались
ссылаться,ориентироваться
материал,стресс
материала,стресса
своеобразная,экспериментальная
своеобразный,экспериментальный
резкий,цивилизованный
резкое,цивилизованное
замечание,лишение
замечания,лишения
суббота,лампочка
субботу,лампочку
функциональные,последовательные
функциональный,последовательный
публиковать,сжимать
бомба,грамота
бомбу,грамоту
экспедицию,химию
экспедиция,химия
последствие,тысячелетие
последствий,тысячелетий
семейные,автономные
семейный,автономный
приглашение,совпадение
приглашения,совпадения
обстоятельств,поселений
обстоятельство,поселение
трубка,мотивация
трубку,мотивацию
временно,буржуазно
временный,буржуазный
перемена,стихия
восстановление,оказание
восстановления,оказания
атомное,новогоднее
атомный,новогодний
вынужденная,грандиозная
вынужденный,грандиозный
оборона,сосна
оборону,сосну
переднего,валютного
передний,валютный
серию,оболочку
серия,оболочка
грязи,классификации
грязью,классификацией
площадей,деклараций
площади,декларации
оригинального,интенсивного
оригинальный,интенсивный
наказание,превосходство
наказания,превосходства
полезная,грамотная
полезный,грамотный
куча,этика
кучи,этики
рецепт,переворот
рецепта,переворота
гладкая,необыкновенная
гладкий,необыкновенный
ступени,интонации
ступенях,интонациях
кусочек,стереотип
кусочки,стереотипы
челюсти,закономерности
челюсть,закономерность
стрельба,диссертация
стрельбу,диссертацию
разрешение,преодоление
разрешению,преодолению
качественного,группового
качественное,групповое
обычай,марс
обычаю,марсу
реконструкцию,поляну
реконструкция,поляна
сэр,гоголь
сэра,гоголя
вагон,стимул
вагона,стимула
уверенные,избранные
уверенный,избранный
книжные,кадровые
книжный,кадровый
помощь,плотность
помощью,плотностью
уровень,юбилей
уровня,юбилея
послание,полотно
послания,полотна
ужас,аналог
ужаса,аналога
транспортная,киевская
транспортный,киевский
нефтяная,капиталистическая
нефтяные,капиталистические
моральное,союзное
моральный,союзный
расписание,прибытие
расписания,прибытия
факт,сегмент
факта,сегмента
акт,горшок
актов,горшков
талантливые,средневековые
талантливый,средневековый
доказательство,величие
доказательством,величием
терпение,изумление
терпением,изумлением
микрофон,штурм
микрофона,штурма
испанский,поисковый
испанское,поисковое
республиканская,банальная
республиканский,банальный
формирование,исчезновение
формирования,исчезновения
страхового,магнитного
страховые,магнитные
справка,клавиатура
справку,клавиатуру
башню,олимпиаду
башня,олимпиада
удача,аппаратура
удачу,аппаратуру
потребительские,пограничные
потребительский,пограничный
плакат,профсоюз
плакаты,профсоюзы
спорт,сарай
спорта,сарая
душевная,установленная
душевный,установленный
перестройка,парочка
перестройку,парочку
бешено,пристально
крестьянин,кролик
крестьянина,кролика
книжка,ссора
книжки,ссоры
ручной,роковой
барабан,клан
барабаны,кланы
священного,платного
священный,платный
областного,минувшего
областные,минувшие
батарею,эру
батарея,эра
экономика,ферма
экономике,ферме
экземпляр,порок
экземпляры,пороки
ремонт,парадокс
ремонтом,парадоксом
вход,кислород
входа,кислорода
сапогами,атрибутами
сапогом,атрибутом
добыча,инстанция
добычей,инстанцией
игрушка,отмена
игрушку,отмену
неожиданность,роскошь
неожиданностью,роскошью
подозрение,удаление
подозрения,удаления
готовое,немногое
готовый,немногий
программные,криминальные
программный,криминальный
малейшее,организованное
малейший,организованный
мрачная,недоступная
мрачный,недоступный
красивая,заинтересованная
красивый,заинтересованный
церковная,прикладная
церковное,прикладное
капитал,диаметр
капитала,диаметра
бухгалтерский,символический
бухгалтерского,символического
топор,компромисс
топора,компромисса
торжественная,грузинская
торжественный,грузинский
психика,капуста
психику,капусту
идеальная,инновационная
идеальный,инновационный
первичного,погибшего
первичный,погибший
мобильная,розничная
мобильный,розничный
видимости,ясности
видимость,ясность
высота,галактика
высоте,галактике
пожар,интерьер
пожара,интерьера
низкая,олимпийская
низкий,олимпийский
скрывается,водится
скрываться,водиться
вступление,сочувствие
вступления,сочувствия
светский,статистический
светское,статистическое
отчаяние,противостояние
отчаяния,противостояния
классический,экспертный
классическое,экспертное
асфальт,прилавок
асфальтом,прилавком
оптимальные,линейные
оптимальный,линейный
ненужное,сталинское
ненужный,сталинский
сооружение,накопление
подходящее,престижное
подходящий,престижный
родным,продолжительным
минус,шедевр
минусы,шедевры
положение,веко
положению,веку
сыро,допустимо
сырого,допустимого
печатное,нейтральное
печатный,нейтральный
сексуальная,жидкая
сексуальный,жидкий
невинные,молчаливые
невинный,молчаливый
зимние,разбитые
зимний,разбитый
благородная,убедительная
благородный,убедительный
кабинет,массив
кабинета,массива
проявление,излучение
проявлением,излучением
фракцию,злобу
фракция,злоба
специальные,разноцветные
специальный,разноцветный
крестьянская,хрупкая
крестьянский,хрупкий
октябрьская,израильская
октябрьский,израильский
мелькали,пребывали
мелькать,пребывать
инфраструктура,адаптация
инфраструктурой,адаптацией
нерв,эшелон
нерва,эшелона
корпоративные,дипломатические
корпоративный,дипломатический
опыт,фонтан
опыта,фонтана
сплошная,конкурентная
сплошные,конкурентные
воспитание,предпринимательство
воспитанию,предпринимательству
сочетание,недоверие
сочетания,недоверия
закрытие,моделирование
закрытия,моделирования
неведомо,неясно
неведомый,неясный
предотвратить,угадать
совершенства,просвещения
совершенство,просвещение
артиллерийские,прогрессивные
артиллерийский,прогрессивный
гениальные,чрезмерные
гениальный,чрезмерный
властная,мусульманская
властный,мусульманский
остатки,огурцы
остаток,огурец
код,подоконник
кода,подоконника
входной,былой
входные,былые
операционного,тщательного
операционный,тщательный
записей,губерний
записи,губернии
восприятие,деяние
восприятия,деяния
стай,вик
стая,вика
употребление,православие
употреблением,православием
праздник,багаж
праздника,багажа
дама,толщина
даму,толщину
поддержка,нехватка
поддержку,нехватку
ролик,синдром
роликов,синдромов
получение,сияние
получением,сиянием
служба,утрата
службу,утрату
плащ,глагол
плаще,глаголе
принятие,обоснование
принятием,обоснованием
конфета,электричка
конфеты,электрички
чеченская,пышная
чеченский,пышный
юридическая,предвыборная
юридический,предвыборный
эфир,цирк
эфира,цирка
термин,президиум
термина,президиума
процент,орех
процента,ореха
красота,равнина
красоту,равнину
достижение,предание
достижению,преданию
горизонтальные,классовые
горизонтальный,классовый
экипаж,террор
экипажа,террора
произведение,уравнение
произведений,уравнений
комедии,географии
комедия,география
сцена,гимназия
сцену,гимназию
актуальные,вероятные
актуальный,вероятный
натуральная,генетическая
натуральный,генетический
уважение,поздравление
уважения,поздравления
уважаемого,социологического
уважаемый,социологический
физическая,конструктивная
физический,конструктивный
машинка,пошлина
машинки,пошлины
зеркале,снятии
зеркало,снятие
роскошные,фальшивые
роскошный,фальшивый
клинические,выраженные
клинический,выраженный
рюкзак,теракт
рюкзаке,теракте
медали,древности
медаль,древность
чаша,метафора
чаши,метафоры
сущности,интенсивности
сущность,интенсивность
сравнение,преподавание
сравнению,преподаванию
адрес,размах
адресу,размаху
премию,глину
премия,глина
действительного,пищевого
действительное,пищевое
танк,референдум
танка,референдума
рубашка,биология
рубашкой,биологией
порошка,фашизма
порошок,фашизм
локального,пушкинского
локальный,пушкинский
праздничные,документальные
праздничный,документальный
ветвь,добродетель
распад,стадион
распада,стадиона
вторжение,подсознание
вторжении,подсознании
салат,комфорт
салата,комфорта
секунда,трансформация
секунду,трансформацию
продолжительности,преступности
продолжительность,преступность
пятница,горка
пятницу,горку
чайная,процентная
чайный,процентный
стрела,цензура
стрелы,цензуры
немалое,многолетнее
немалый,многолетний
освоение,ранение
освоения,ранения
минута,шуба
минуту,шубу
приятель,петух
приятеля,петуха
выгодные,немыслимые
выгодный,немыслимый
отчаянное,визуальное
отчаянный,визуальный
предстоящие,драматические
предстоящий,драматический
заповедей,ягод
трезво,неудобно
трезвый,неудобный
честное,уральское
честный,уральский
положенные,крымские
положенный,крымский
сокровищ,пристрастий
сокровища,пристрастия
здравого,словесного
здравый,словесный
автобус,синтез
автобуса,синтеза
польза,уборка
пользу,уборку
длина,страничка
длину,страничку
режим,кристалл
режима,кристалла
бомбардировщик,пепел
бомбардировщика,пепла
мамочка,принцесса
фотоаппарат,избыток
фотоаппаратом,избытком
становление,возмещение
становления,возмещения
дружеский,спорный
дружеским,спорным
виза,ячейка
визы,ячейки
тактический,ленинский
тактического,ленинского
выпивали,затрагивали
выпивать,затрагивать
ослабил,проанализировал
ослабить,проанализировать
собор,обыск
собора,обыска
расстройства,попадания
расстройство,попадание
вещь,чувствительность
вещью,чувствительностью
печка,конфигурация
печкой,конфигурацией
листка,надзора
листок,надзор
скульптура,доктрина
скульптуры,доктрины
жалкий,косвенный
жалкое,косвенное
инспекцией,лопатой
инспекция,лопата
шведские,органические
шведский,органический
окружающая,террористическая
окружающий,террористический
содействие,предисловие
содействии,предисловии
предложение,вдохновение
предложения,вдохновения
акционерный,ленивый
признак,оптимизм
признака,оптимизма
классная,ошибочная
классный,ошибочный
приемлемые,периодические
приемлемый,периодический
ткани,привязанности
ткань,привязанность
повторного,африканского
повторный,африканский
изделие,унижение
изделия,унижения
артиллерии,медитации
артиллерия,медитация
возникновение,прочтение
возникновения,прочтения
стоимости,эмиграции
жалости,индивидуальности
жалость,индивидуальность
привычка,привилегия
привычкой,привилегией
наука,струна
науку,струну
трагедию,коалицию
трагедия,коалиция
строительные,физиологические
строительный,физиологический
дизайн,грипп
дизайна,гриппа
композицию,уплату
композиция,уплата
традиций,лыж
традиция,лыжа
терапии,автоматизации
терапия,автоматизация
колючей,бетонной
колючий,бетонный
коренные,влиятельные
коренным,влиятельным
обосновать,разочаровать
редкость,направленность
редкостью,направленностью
устранение,приветствие
устранения,приветствия
переживание,осложнение
переживания,осложнения
маршрут,инцидент
маршрута,инцидента
будущей,желанной
будущий,желанный
стремительное,частичное
стремительный,частичный
квадратные,хронические
квадратный,хронический
беспорядков,рельсов
беспорядок,рельс
раздумье,ущелье
вчерашнее,оптическое
вчерашний,оптический
латинская,тотальная
латинский,тотальный
невыносимые,обидные
невыносимый,обидный
неудача,диктатура
неудачу,диктатуру
пьеса,поликлиника
пьесы,поликлиники
колесе,налогообложении
колесо,налогообложение
глубина,закупка
глубину,закупку
июль,контейнер
июля,контейнера
равновесие,восхождение
равновесия,восхождения
мрак,бутерброд
разница,сборка
разницу,сборку
метр,испуг
метра,испуга
иск,соблазн
исков,соблазнов
фокус,джип
трамваи,значки
трамвай,значок
почтовые,пресловутые
почтовый,пресловутый
лягушка,любовница
лягушки,любовницы
полотенце,прозвище
щитом,хохотом
инженер,комар
инженеры,комары
беременности,крайности
беременность,крайность
радикальные,оборонительные
радикальный,оборонительный
упоминание,потрясение
упоминания,потрясения
арабская,наземная
арабский,наземный
студентка,богиня
похвал,коллегий
похвала,коллегия
ящик,приток
ящика,притока
симптом,паровоз
симптома,паровоза
встречное,крепостное
встречному,крепостному
полярной,бронзовой
полярный,бронзовый
нежелательный,этический
нежелательных,этических
сеанс,дефект
сеанса,дефекта
территориальные,ракетные
территориальный,ракетный
героическая,элитная
героический,элитный
сложности,взаимосвязи
сложность,взаимосвязь
особенностей,компетенций
особенностью,компетенцией
затруднение,сено
прохождение,братство
прохождения,братства
нянь,поэм
няня,поэма
внимательного,умеренного
внимательный,умеренный
вертикального,лондонского
вертикальный,лондонский
просторные,неблагоприятные
просторный,неблагоприятный
краска,миграция
краску,миграцию
родители,покойники
родитель,покойник
консультацию,кучку
консультация,кучка
земельные,простейшие
земельный,простейший
птичий,рождественский
птичьи,рождественские
шумно,капитально
шумный,капитальный
половина,стройка
половину,стройку
пожилой,возрастной
пожилые,возрастные
дизайнеры,репортажи
дума,икра
думы,икры
подразделение,землетрясение
подразделения,землетрясения
нахождение,предчувствие
нахождения,предчувствия
подводные,тоталитарные
подводный,тоталитарный
галерею,резолюцию
галерея,резолюция
противоречивые,родственные
противоречивый,родственный
запад,бланк
запада,бланка
икона,пасха
иконы,пасхи
танковая,консервативная
танковый,консервативный
шею,кражу
шея,кража
ограниченное,лечебное
ограниченный,лечебный
взвод,уран
взвода,урана
фланг,разгар
фланге,разгаре
критерий,крах
критерия,краха
нервное,руководящее
нервный,руководящий
обман,модем
обмана,модема
заря,коробочка
нагрузка,клятва
нагрузку,клятву
вера,телега
веру,телегу
добровольное,немедленное
добровольный,немедленный
изба,кличка
избы,клички
педагогическая,казахская
педагогический,казахский
ступенек,амбиций
ступенька,амбиция
осваивать,превышать
осваивают,превышают
собака,императрица
собаки,императрицы
развитие,бессмертие
развитию,бессмертию
ухо,тесто
ухом,тестом
удовлетворение,лезвие
удовлетворения,лезвия
злу,проникновению
разгром,арсенал
разгрома,арсенала
обследование,нежелание
обследовании,нежелании
вершина,терминология
вершину,терминологию
солдатский,пригодный
солдатским,пригодным
исполнение,обилие
исполнения,обилия
кадр,гормон
кадра,гормона
обязанные,принятые
обязанный,принятый
массивный,азиатский
массивными,азиатскими
титул,полигон
титула,полигона
гитара,журналистика
гитаре,журналистике
ванная,модификация
ванную,модификацию
ученик,украинец
ученики,украинцы
поверхностные,коварные
поверхностный,коварный
здешний,сущий
ветка,закуска
ветки,закуски
эпизод,почерк
эпизодом,почерком
олигархами,переломами
доллар,реактор
доллара,реактора
товарного,вспомогательного
товарный,вспомогательный
динамика,бюрократия
динамикой,бюрократией
подбор,барак
подбора,барака
могила,кандидатура
могилу,кандидатуру
гонка,ресница
гонки,ресницы
автоматические,авторитетные
автоматический,авторитетный
стадию,оптимизацию
стадия,оптимизация
туристическая,смешанная
туристический,смешанный
находка,пальма
находки,пальмы
супружеская,молоденькая
супружеский,молоденький
близостью,листвой
норма,провокация
норму,провокацию
дворе,национализме
двором,национализмом
развитая,плановая
развитые,плановые
детали,эпидемии
деталью,эпидемией
бумага,электроника
бумагу,электронику
университетские,лекарственные
университетский,лекарственный
академиков,орлов
шоколад,въезд
шоколада,въезда
хор,патриотизм
хора,патриотизма
огненные,рыбные
огненный,рыбный
четверг,объектив
четверга,объектива
сожаление,загрязнение
сожаления,загрязнения
езда,альфа
громкий,отцовский
громкое,отцовское
прихожая,минутка
балл,троллейбус
балла,троллейбуса
кампанию,специализацию
кампания,специализация
сформулировал,одержал
сформулировать,одержать
житель,паук
жителя,паука
опасности,переписи
опасность,перепись
культ,расцвет
культа,расцвета
доступ,тоннель
доступа,тоннеля
статью,молекулу
статья,молекула
распределение,потомство
распределением,потомством
министр,верблюд
министры,верблюды
ритм,комбинат
ритма,комбината
повести,длительности
повесть,длительность
фильм,прирост
фильма,прироста
туча,листовка
тучи,листовки
описание,предотвращение
описания,предотвращения
атмосфера,блокада
атмосферу,блокаду
христианская,масштабная
христианский,масштабный
равнодушен,уместен
равнодушный,уместный
отдых,дюйм
отдыха,дюйма
лестница,разборка
лестницы,разборки
самка,актриса
самки,актрисы
цифра,тайга
цифру,тайгу
переход,помидор
переходы,помидоры
снежная,кирпичная
снежный,кирпичный
проклятие,покушение
проклятия,покушения
разделение,изобилие
разделения,изобилия
ислам,упадок
ислама,упадка
построение,негодование
построения,негодования
помер,воскликнул
помереть,воскликнуть
палатка,пшеница
палатку,пшеницу
изучение,празднование
изучению,празднованию
повседневного,индустриального
повседневный,индустриальный
указателем,ветерком
указатель,ветерок
насмешка,фара
жуткая,сравнительная
жуткий,сравнительный
панелей,манипуляций
панели,манипуляции
исчерпал,повысил
исчерпать,повысить
собачий,швейцарский
собачьего,швейцарского
пересмотрел,утратил
пересмотреть,утратить
татарский,проектный
татарского,проектного
плита,засада
плите,засаде
рядового,детального
рядовые,детальные
факс,уезд
винить,прятать
испытание,соседство
испытания,соседства
взаимоотношение,неудобство
взаимоотношения,неудобства
популярности,решимости
популярность,решимость
потребление,предсказание
потреблении,предсказании
заявка,вилла
заявку,виллу
расстояние,банкротство
расстоянии,банкротстве
симпатичная,наглядная
симпатичный,наглядный
бешеный,пристальный
крейсер,обморок
крейсере,обмороке
претензия,хата
претензиями,хатами
старт,полуостров
старте,полуострове
туризм,перец
туризма,перца
кавказский,непривычный
кавказского,непривычного
конституцию,трактовку
конституция,трактовка
специфические,шахматные
специфический,шахматный
кубка,инсулина
кубок,инсулин
солдаты,очевидцы
очерк,коктейль
поразительно,скользко
поразительный,скользкий
историю,слюну
история,слюна
импортной,избыточной
импортный,избыточный
исправление,уточнение
исправления,уточнения
пламенем,недоразумением
пламя,недоразумение
католические,следственные
католический,следственный
подавление,сало
подавлением,салом
опроверг,нанял
опровергнуть,нанять
пьяный,здоровенный
мундир,спам
мундира,спама
квалифицированные,рискованные
квалифицированный,рискованный
погони,пословицы
погоня,пословица
стальной,огневой
стальные,огневые
доклад,радиус
докладе,радиусе
толпа,грамматика
толпу,грамматику
запутался,скрылся
запутаться,скрыться
страстное,безусловное
страстный,безусловный
стройные,ритуальные
стройный,ритуальный
прощание,сострадание
прекрасные,майские
прекрасный,майский
широта,рубаха
широтах,рубахах
отрицание,отопление
отрицания,отопления
служение,копыто
авиацию,методологию
авиация,методология
прокуратура,дюжина
прокуратуры,дюжины
танец,киоск
канцелярию,субстанцию
канцелярия,субстанция
вздох,шрам
согласование,истечение
согласовании,истечении
студия,вакансия
отклонение,уведомление
общественность,медь
приезд,рояль
рекламный,патриотический
директор,фюрер
футбольный,дорогостоящий
предмет,электрон
славянский,штатный
правосудие,разъяснение
небесный,обильный
грозный,зеркальный
концерт,промысел
капитан,заявитель
взгляд,вулкан
волшебный,нелегальный
гибель,боязнь
обломок,расстрел
кредитный,идейный
реплика,годовщина
густые,анонимные
охотничий,лазерный
наблюдение,подражание
подписание,пьянство
сравнимый,безграничный
выразиться,потеряться
инженерный,пронзительный
рывок,легион
коридор,овраг
неподвижный,квантовый
постановление,пробуждение
осуждение,кормление
экзотический,тощий
специфика,монархия
романтический,краткосрочный
армейский,второстепенный
имперский,зависимый
витрина,инерция
спальня,очистка
качество,сословие
ржавый,сухопутный
бедствие,многообразие
вложение,разбирательство
чуждый,внушительный
изящный,старенький
задача,мэрия
зерном,искушением
арена,забава
ликвидация,идентификация
беспомощный,содержательный
рекомендация,дискриминация
эстонский,летучий
ладонь,идентичность
столичный,комфортный
электроэнергия,вариация
экология,футболка
бесчисленный,разрушительный
освобождение,усмотрение
открытка,тусовка
наследство,завещание
небо,ухудшение
еврейский,продовольственный
секретарь,боярин
установиться,скончаться
арбитражный,испуганный
беспокойство,вещание
смелость,открытость
молния,эвакуация
крохотный,бюрократический
красавица,княгиня
загрузить,напугать
зафиксировать,превзойти
мудрость,спираль
незаметный,мгновенный
обширный,нобелевский
предка,яка
издание,укрытие
конверт,сенат
предательство,процветание
демократия,экспансия
эволюционный,послушный
чердак,розыск
справедливость,законность
грузовая,оборонная
специальность,опухоль
результат,герб
параллельный,действенный
жаркий,безупречный
прекращение,несоответствие
посещение,самосознание
наряд,экспресс
роддом,синяк
египетский,оптовый
различить,благословить
пассажирский,забытый
уступка,конюшня
счастья,следования
выход,эль
суета,автономия
репрессия,штучка
льгота,скобка
колонка,педагогика
стон,рефлекс
полнота,эстетика
расширение,духовенство
повредить,приписать
супермаркет,скачок
жадность,гавань
ограничение,затмение
турецкий,толковый
откровенный,ловкий
ужасный,оппозиционный
исключение,опоздание
экран,диабет
бомбить,съедать
растение,злоупотребление
кайф,девиз
повреждение,копирование
вскочить,побледнеть
заграничный,прошлогодний
март,суверенитет
банковский,неформальный
добавка,рифма
пробка,ноздря
узел,возглас
мышца,трансляция
обновление,бешенство
блаженный,подверженный
узор,зрачок
партизанский,бесценный
устный,примечательный
приложение,состязание
замкнутый,сторонний
фондовый,спутниковый
участь,целесообразность
беременный,стойкий
вежливый,безобидный
селение,незнание
оппозиция,геометрия
изысканный,загородный
туфля,риторика
руководство,взаимопонимание
произвольный,легальный
лига,выдумка
принадлежностью,лихорадкой
всплеск,ландшафт
изложение,осмысление
покраснеть,спрыгнуть
контекст,метрополитен
перила,скромность
признание,ослабление
правление,стимулирование
тренировка,парадигма
неповторимый,липкий
интуиция,бухгалтерия
единичный,музейный
оперативный,небывалый
убежище,печенье
тротуар,комсомол
энергичный,нестандартный
доля,оккупация
проповедь,неуверенность
дырка,кончина
туалетный,непостижимый
следствие,полушарие
родительский,берлинский
осознать,побудить
управленческий,итоговый
пронизывать,цитировать
обработка,вибрация
энергия,сигара
бархатный,дружественный
ошибка,гимнастика
дивизион,миллиметр
спровоцировать,освоить
шапка,аллергия
неполный,канадский
рождение,урегулирование
ядовитый,отважный
абзац,браслет
опора,мобилизация
существование,обострение
посторонний,лингвистический
просьба,пружина
экспорт,эквивалент
канал,пригород
страховка,табуретка
развязать,купить
выживание,подкрепление
общежитие,брюхо
телеграмма,патология
осколок,синоним
разнообразие,принуждение
даром,локомотивом
смуглый,хирургический
придворный,льготный
безобразие,единение
секта,субсидия
скелет,материк
песчаный,журналистский
поговорка,мифология
матрица,осада
неограниченный,познавательный
давность,параллель
заговор,кишечник
силовое,радиоактивное
приезжий,наступательный
орбита,квота
ветераны,арбузы
штора,язва
гаснуть,веровать
довольствоваться,пробираться
элегантный,гармоничный
продвижение,воспаление
скандал,зенит
изначальный,закономерный
навязчивый,дистанционный
взнос,шприц
слияние,отчуждение
преступный,геометрический
излишний,справочный
сестра,сова
садовый,геологический
искра,ассамблея
трудность,гласность
предписание,созерцание
кирпич,экспонат
нормативный,неофициальный
важность,мечеть
безработный,электромагнитный
стопка,клевета
переходный,несложный
концепция,периферия
финал,островок
комплексный,позорный
пачка,реорганизация
армия,святыня
весенний,кризисный
побережья,поощрения
приют,гектар
благотворительный,одиночный
барьер,цветочек
чистить,формулировать
проповедовать,излучать
показ,кооператив
предсказывать,нанимать
парус,концерн
залп,контроллер
зрелый,лагерный
игровой,заводской
альбом,инфаркт
тусклый,плодотворный
обзор,шашлык
квартира,роса
зоопарк,рацион
психиатрический,подпольный
материнский,экспортный
отдел,кашель
разряд,иммунитет
тост,реализм
пароль,коврик
караван,автограф
могущество,переселение
выплата,теорема
вероятность,конкурентоспособность
напрасный,несовместимый
звонкий,бесспорный
мистический,неприемлемый
всяческий,окрестный
эстетический,подмосковный
давление,преувеличение
основание,местонахождение
банан,комок
рекорд,мускул
натура,этикетка
мотив,дивиденд
удельный,престарелый
судьба,перегородка
высочайший,миниатюрный
криво,неэффективно
буква,чашечка
нота,пластина
наркотический,шоколадный
манить,регулировать
дерьмо,небытие
вред,фольклор
запретный,сверхъестественный
схватка,орда
телевизор,достаток
комбинация,стабилизация
происшествие,изъятие
начинающий,наблюдательный
приписывать,слать
бедро,товарищество
аборт,лазер
подписка,зажигалка
пересекаться,сниматься
двинуть,перехватить
раса,подсказка
панорама,линза
удовольствие,бессилие
веселья,отравления
приключение,верование
мутный,остроумный
резерв,недуг
развал,перрон
золотистый,однообразный
переписка,высадка
летопись,грубость
совершенствование,превышение
макушка,прописка
прибрежный,табачный
аккумулятор,прецедент
благословение,оживление
повествование,охлаждение
искажение,ознакомление
словесность,доходность
дружный,чреватый
нанесение,примирение
пустота,полемика
пластмассовый,потерянный
противник,лось
творение,неравенство
конвенция,бритва
досада,каска
тревожный,спальный
погружение,смирение
горький,иранский
монография,трата
крошечный,деликатный
зарубежный,иракский
низший,катастрофический
звуковая,авторитарная
грядущий,сербский
ответный,нацистский
житься,доставаться
парижский,хлебный
фантастика,женитьба
благосостояние,мироздание
сжатый,археологический
паутина,директива
очаровательный,динамичный
тепловой,круговой
суждение,начинание
стыд,конвейер
династии,строгости
аккорд,светильник
банда,рента
недорогие,добродушные
верности,сенсации
эксплуатировать,хвалить
занятый,причастный
убеждение,ходатайство
этап,ион
пожелание,избежание
непонимание,хождение
самостоятельность,метель
ниша,аксиома
упор,буддизм
ударный,спасительный
техникум,триумф
спад,ввоз
побочный,продуктивный
гнилой,гостевой
почта,дина
издательский,красочный
сан,муниципалитет
троица,подделка
опровергать,финансировать
недолгий,астрономический
заболевание,нововведение
гимн,рельеф
нехитрый,прощальный
почва,коммерция
гром,алкоголизм
насилие,приведение
различие,крестьянство
раковина,дипломатия
достоверный,экстренный
затруднять,мучить
присяга,траншея
ожидание,волокно
ласточка,невеста
часть,недостаточность
бездна,ягодица
воспитательный,тюменский
продукция,информатика
воспроизведение,княжество
покров,манифест
удивление,таинство
профсоюзный,депутатский
костюм,лепесток
распахнуть,опознать
парень,стрелец
литовский,пятилетний
тамошний,веский
командование,избавление
напрашиваться,злиться
хрустальный,идентичный
доза,опушка
казнить,совершенствовать
слабости,компартии
ассортимент,камешек
стиральный,свирепый
контингент,промах
выразительный,ежемесячный
чепуха,галлюцинация
неизбежность,осторожность
спуск,иероглиф
укол,каприз
беспощадный,подсознательный
боец,страховщик
наведение,благородство
неспособный,вологодский
шрифт,урон
осмотр,клинок
дневного,общечеловеческого
подача,бессонница
античный,упругий
волнение,приличие
невиданный,непременный
монолог,ожог
задушить,раздобыть
толк,насос
давний,говорящий
озадачить,расстегнуть
пехотный,профилактический
необъяснимый,хриплый
убитый,сердитый
быстрота,начинка
фамилия,котлета
радужный,неловкий
тематический,пухлый
приступ,трибунал
беспокойный,патологический
вышка,самооценка
проблематики,носилок
частый,изрядный
наилучший,разговорный
себестоимость,роспись
архитектура,запятая
примитивный,циничный
выгода,паста
выяснение,новшество
родовой,теневой
собрату,трапу
сопротивление,огорчение
казачий,бурый
обыденный,сочный
контур,компас
эксплуатация,реставрация
местность,бдительность
исполнительный,развивающийся
разрыв,водород
занавес,материализм
включение,созвездие
фея,черепаха
коэффициент,погром
вторичный,победный
оркестр,мятеж
кант,доспехи
декрет,растительность
окрестность,лояльность
оскорбительный,скандальный
законопроект,цинизм
чугунный,незаменимый
грамматический,винный
тестирование,дворянство
юноша,подонок
клочок,альманах
ванна,прохлада
живописный,папин
приобретение,ударение
миля,пелена
неотъемлемый,оборотный
красть,сочинять
резинка,симфония
смена,генетика
фильтр,углевод
вступительный,кассовый
сперма,избушка
имение,редактирование
водорослей,символик
ель,волость
содержаться,цениться
выслушивать,изобретать
скопление,заражение
молочный,сопоставимый
здоровый,самодельный
арка,ода
необъятное,спиртное
выявление,обогащение
ручка,деградация
забавный,молдавский
резиновый,колониальный
требование,чело
взаимодействие,исчисление
скидка,тина
весомый,незамеченный
фотография,лилия
экстремальный,пропагандистский
интернациональный,наивысший
здравоохранение,пожертвование
медный,признанный
эскадрилья,эмблема
помеха,имитация
цент,телескоп
студент,царевич
писатель,дельфин
очертание,похищение
обдумывать,пожирать
адский,адресный
перепутать,пополнить
кухонный,стационарный
фантазия,сигнализация
туловище,похмелье
взор,микроскоп
смещение,колечко
речевой,взрывной
сочинить,затруднить
знатный,дыхательный
пчела,красотка
одетый,националистический
самоубийство,торможение
гибкий,удовлетворительный
спасательный,инфекционный
пользователь,землянин
обстановка,номенклатура
сюжетный,абсурдный
подготовительный,светящийся
гармония,гильдия
эффектный,осознанный
героиня,застройка
обращение,опьянение
пиратский,истребительный
импорт,ром
вмешательство,поглощение
локоть,застой
влага,физкультура
шикарный,душный
кредитование,наполнение
портал,канун
необычайный,номинальный
насущный,нечеловеческий
купол,мультфильм
сознавать,огорчать
препятствие,удобрение
юбка,процессия
мраморный,пишущий
механизм,проигрыш
посадка,консолидация
выбор,ночлег
принудительный,неравный
драгоценность,сексуальность
индикатор,героизм
опубликовать,сконцентрировать
водопад,афоризм
заправка,поэтика
старейший,добросовестный
аварийный,редакционный
раздавить,пронести
дерзкий,мысленный
беззащитный,недействительный
наименование,рыдание
окликнуть,усовершенствовать
обыкновенный,ценностный
сонный,недобрый
бесконечность,совместимость
способ,волосок
должностям,руд
учительница,щука
годовые,лыжные
обыкновение,царствование
болото,наложение
калибр,империализм
мошенничество,бездействие
рисунок,пуд
уютный,гуманный
олицетворять,оскорблять
отправка,миниатюра
песенка,яблоня
подземный,восходящий
печали,наивности
аккуратный,минный
забор,периметр
сбор,крестик
батальон,хоккей
женатый,прикольный
вялый,буддийский
декорация,спекуляция
сертификат,молот
кошка,княжна
крылатый,бабушкин
сувенир,вальс
настойчивость,ловкость
аналитический,всесоюзный
австралийские,паровые
сосновый,кубический
побуждение,купание
кружок,микрорайон
воскресный,стильный
прогулка,труппа
милицейский,кровный
ария,флейта
эффект,ангар
филиал,пакт
надобность,откровенность
аналогия,дифференциация
тираж,бардак
глубинный,немногочисленный
доступность,мерзость
максимум,геноцид
головка,ипотека
шторм,карабин
экспозиция,тундра
бездомный,близлежащий
покорить,обнародовать
преподобный,мифологический
кисть,причастность
спинка,нотка
мерка,гигиена
лобовой,вековой
оскорбление,преддверие
алтарь,талон
медсестра,братия
престол,выдох
сливки,неполноценность
морковь,формальность
гостиница,арифметика
подготовка,вентиляция
клюв,борщ
кислота,расстановка
интимный,скорбный
отверстие,соперничество
несуществующий,стопроцентный
зрительный,еженедельный
заведение,упрощение
помойка,раздача
балкон,обиход
высокопоставленный,разнородный
сказочный,невыгодный
булочка,епархия
ирония,бронза
введение,разграничение
календарь,блик
трещина,флора
юношеский,румынский
восхищение,казачество
настольный,безлюдный
резина,капитуляция
превосходный,интуитивный
поставка,коммуна
удел,эпитет
слушание,гостеприимство
высказываться,греться
рис,салют
библейский,миграционный
сигнал,баррель
шина,оптика
рукав,диалект
полис,ярд
поездка,догма
мыслимый,болгарский
учебник,родник
амнистия,ива
бомбардировка,морковка
отметка,взрывчатка
йога,ширма
опека,переделка
рожа,координата
пространственный,доверчивый
транспортировка,деревушка
стык,валун
катание,материнство
обвинение,хамство
вихрь,магнит
обаяние,неудовольствие
ощутимый,нечестный
эквивалентный,сопутствующий
начаться,зародиться
резервный,паспортный
эмоциональный,рекордный
пример,пылесос
навигация,аттестация
аромат,мячик
построить,помянуть
раунд,секретариат
ежегодный,кардинальный
корзина,вишня
скоростной,резной
разбор,износ
доставка,астма
обитель,наследственность
венгерский,хабаровский
присяжный,читательский
дружить,экспериментировать
мемориал,прямоугольник
упорный,латвийский
указательный,недельный
фальсификации,неточности
тренировочный,беспорядочный
уродливый,ихний
лужа,активизация
подошва,астрономия
присвоение,превосходительство
прикосновение,сосредоточение
краевого,вышестоящего
санкция,артерия
курган,жемчуг
неинтересный,всесторонний
семестр,набег
благой,мирской
стандарт,перепад
унизительный,венский
опомниться,затеряться
воздействие,чрево
диапазон,кефир
скамейка,реанимация
свисать,горевать
вручение,упрямство
изоляция,бета
караул,этикет
желательный,жизнерадостный
проспект,синтаксис
внутренность,ругань
наружный,болотный
выделение,мечтание
райский,спонтанный
вывоз,лимит
сводка,шайка
знакомство,оцепенение
цветочный,одноразовый
изумительный,лютый
неспособность,премудрость
ливень,чеснок
дворцовый,громоздкий
пепельница,авантюра
минеральный,инициативный
достоверность,колыбель
хребет,йогурт
невредимый,попутный
благополучие,истощение
систематический,пожизненный
пробный,саудовский
легендарный,визитный
ценить,крестить
внезапный,заманчивый
поражение,заимствование
формироваться,восстанавливаться
идиот,динозавр
постепенный,внятный
сельскохозяйственный,внешнеполитический
призыв,орнамент
канализация,литургия
гребень,иудаизм
процесс,созыв
курение,авторство
надписи,радиации
поручение,облачко
поворот,минерал
физиономия,аура
сериал,мавзолей
парадный,расовый
продавщица,кобыла
всемирный,уважительный
соседка,улитка
сидение,опубликование
земледелие,благоустройство
отчаяться,умудриться
остановка,мутация
сорт,карнавал
тополь,краешек
заслуга,ссуда
приближение,суеверие
распознавание,странствие
охранный,тарифный
командировка,пицца
иудейский,суверенный
губка,формация
закат,антисемитизм
увольнение,постоянство
определение,полугодие
сессия,юрисдикция
бриллиант,сговор
хвост,астероид
аукцион,люд
коленка,психиатрия
блаженство,неведение
враждебный,амбициозный
знаменательный,общеизвестный
вонь,доблесть
гримаса,бойня
равнодушие,отставание
тягостный,неимоверный
умелый,отменный
обложка,стимуляция
тошнота,кровля
воззрение,раскаяние
выкупить,очертить
доработка,клумба
флаг,экстремизм
вознаграждение,самосохранение
коготь,лен
автоматизированный,вытянутый
нелепость,грамотность
фарфоровый,излюбленный
наслаждение,возрастание
интернат,паралич
зачатие,изречение
регистрация,ложечка
светофор,десерт
дворянский,искомый
задержка,крупа
худо,горлышко
груз,излишек
белеть,дорожить
синагога,метафизика
застенчивый,гостеприимный
яичница,кушетка
калитка,лапша
привлекательность,погрешность
применимый,оглушительный
дошкольный,общероссийский
сердечный,назойливый
произвол,картон
матрас,пинок
птичка,сударыня
перенос,глобус
проезд,тоталитаризм
гадость,нестабильность
казарма,простуда
истолковать,заморозить
перемещение,несовершенство
хранителем,бинтом
фашистский,конкурентоспособный
колонну,расшифровку
конечность,враждебность
старость,гать
тачка,гордыня
кустарник,газопровод
пустяк,выпад
монастырский,бестолковый
варварский,отборный
подростковый,старомодный
упрекнуть,понизить
происхождение,оснащение
смежный,прибалтийский
составной,валовой
коммунальный,гипотетический
приз,катаклизм
досуг,передел
записной,неживой
пересказывать,портить
шлем,невроз
злость,диагональ
отсрочка,мастурбация
ослаблять,подсчитывать
предоставление,членство
инвестор,жеребец
заграница,распродажа
консульство,головокружение
двойка,снежинка
низ,эпиграф
танцевальный,стилистический
ковчег,говор
постройка,фауна
пособие,иго
радуга,тара
любовный,незаурядный
простор,донос
протез,воск
серийный,неслыханный
поза,сауна
мозговые,высотные
горечь,подлинность
измерения,пастбища
нюанс,бостон
кувшин,лотос
палочка,локализация
алый,довоенный
старание,неумение
злобный,тщетный
мачта,порнография
рецензия,седина
подчинение,предвкушение
пастись,совершенствоваться
ила,пленума
куриный,каменистый
стрелковый,атмосферный
угодный,топливный
спокойствие,наращивание
невольный,досрочный
модуль,вердикт
концлагерь,водоворот
безымянный,зеленоватый
карий,фольклорный
героин,обвал
изгнание,успокоение
антенна,семантика
позор,портвейн
завет,спортзал
мираж,наручник
оконный,швейный
австрийский,профильный
полевые,климатические
бдительный,выпуклый
чуткий,едкий
штык,изъян
речной,заказной
спасение,самоопределение
пузырь,аул
лимон,мандат
производительный,металлургический
укусить,воссоздать
солома,эпопея
автобусный,траурный
цельный,волжский
приветливый,досадный
постельный,рыцарский
порода,грива
выброс,чемоданчик
шествие,наречие
смущение,сукно
кожаный,необратимый
терпеливый,добротный
усатый,нематериальный
коммуникация,гравитация
отъезд,изолятор
невысокий,львиный
крышка,милостыня
стартовый,знающий
нажатие,прошение
новинка,веха
эрекция,кладка
навес,пикник
прелесть,ртуть
лотерея,опечатка
мрамор,кивок
канон,трест
насекомое,рвение
сопровождение,восклицание
конский,мятый
нереальный,бойкий
удобство,свершение
закопать,запрограммировать
грабить,недооценивать
рыбий,трамвайный
азартный,иронический
наглый,вульгарный
закладка,инъекция
чернокожий,неподдельный
совершение,возобновление
взятие,клеймо
согласоваться,подружиться
реформатором,дебютом
загораться,теряться
несущественно,далеко
депутат,микроб
сугроб,шантаж
противовес,кубометр
аптека,чета
склонный,нефтегазовый
автомобиль,правопорядок
совокупный,орбитальный
торговаться,пялиться
сумасшедший,доминирующий
вспотеть,вскричать
посвящение,масонство
своевременный,завидный
усталый,монотонный
балка,стажировка
мотоцикл,апартамент
вздор,кратер
нудный,рослый
кастрюля,директория
ледяной,болевой
заполняться,славиться
начальник,азербайджанец
бытовать,нырять
неблагодарный,подсобный
истерический,бабий
вертикаль,секретность
спектакль,абсолют
озабоченность,латынь
каша,мимика
преобразование,везение
открытие,ничтожество
блузка,жвачка
шкала,плазма
зонтик,цемент
отсталый,эпический
казна,булка
трость,девственность
сдвиг,адреналин
настойчивый,лояльный
разновидность,изгородь
кусать,сушить
неловкость,разность
признательность,дерзость
обогнать,пересказать
двусторонний,февральский
противоположность,сирень
исход,симпозиум
кинематограф,пробег
парик,румянец
зарядка,каста
энциклопедия,деформация
аграрный,протестантский
соглашение,кровообращение
лохматый,десантный
дамский,неприступный
квартал,алюминий
причудливый,суточный
яхта,автобиография
издательство,свечение
вращение,вероисповедание
наличие,сотворение
монитор,стеллаж
нить,компетентность
посох,ренессанс
кинофильм,загар
замедление,предостережение
самодостаточный,гулкий
капризный,незримый
санитарный,невозмутимый
пуговица,дилемма
карманный,пушечный
измена,чаща
зенитный,княжеский
великолепие,корыто
заветный,думский
штамп,меркурий
овладение,лицемерие
аллея,говядина
яркость,гениальность
извинение,расслабление
животный,высококачественный
пульс,конус
метафизический,вышеперечисленный
прогнозирование,гонение
выкуп,перебор
пение,пятнышко
корейский,узенький
трон,блюз
хит,ореол
курорт,озон
мерзкий,невообразимый
промежуточный,сотый
склонность,шаль
пребывание,старение
предпосылка,сопка
одобрение,крылышко
позвоночник,марафон
рентабельность,глушь
плоскость,человечность
именной,складской
тщеславие,предубеждение
сезонный,вводный
аргументация,поясница
взыскание,ограждение
переработка,аномалия
родимый,ускоренный
кофейный,августовский
мудрый,нестерпимый
уют,пупок
ученица,блоха
чувствительный,недобросовестный
выигрыш,психоз
усложнять,прикрывать
скупой,восковой
вешалка,пучина
грех,метеорит
бокал,укор
мощь,неприкосновенность
кабинка,ухмылка
инфекция,кофточка
младенец,латыш
заклинание,замещение
крещение,умиление
лопатка,непогода
горизонт,шпионаж
испытательный,кубинский
строевой,племенной
дыхание,равноправие
часового,тихоокеанского
британец,окунь
монтаж,норд
сигнальный,непроницаемый
готовности,импровизации
демографический,хитроумный
структурный,переносный
жевать,предотвращать
ремонтный,овальный
рулетка,шизофрения
капюшон,нажим
транзит,идиотизм
заготовка,иммиграция
дружелюбный,необязательный
загс,персик
прощение,созревание
трасса,мания
американец,вол
кинотеатр,досмотр
разведывательный,соборный
обобщить,сконструировать
туманный,молекулярный
палуб,привалов
поклонение,сумасшествие
хутор,каскад
спецслужба,охапка
птица,поэтесса
замена,контрабанда
родственник,бегемот
поэт,декабрист
ботинка,кальция
реабилитация,диверсия
скважина,метаморфоза
наименьший,масляный
уныние,адмиралтейство
ценообразование,пришествие
колбаса,толща
фуражка,антропология
нитка,конфронтация
удачливый,комнатный
стебель,опус
маскировка,орфография
промышленность,оттепель
слабеть,плакать
дачный,господствующий
консерватория,планировка
предел,траур
материя,легализация
первобытный,синтаксический
объяснимый,надменный
брошюра,девятка
тоскливый,красноречивый
сопоставления,приморья
дробь,подвижность
урна,эротика
обобщение,обмундирование
джин,откос
факел,квас
блистательный,бравый
трос,архипелаг
кабель,эскадрон
извращение,безмолвие
долговременный,первостепенный
подборка,аннотация
актуальность,плеть
люстра,клубника
резиденция,экзотика
гордый,демократичный
нож,ультиматум
хвостик,конспект
господин,павлин
стихийный,дырявый
отступление,самодержавие
односторонний,замужний
вспышка,клеточка
косметический,скандинавский
рота,минуточка
колхозный,однокомнатный
прозрачность,повседневность
информация,демократизация
мальчишка,дятел
лабораторный,мебельный
достопримечательность,античность
свита,конфетка
общенациональный,политехнический
марксистский,заморский
схожий,картофельный
нравственность,вольность
бесплодный,недостижимый
недопустимый,сумрачный
акула,царевна
кончик,комод
очко,созидание
выдача,кульминация
возражение,воодушевление
перстень,спазм
дверной,сторожевой
демонстрация,глубинка
конструкторский,презрительный
жалованье,изголовье
свидетельство,пресечение
холодильник,тюльпан
буржуазия,ветчина
случайность,неподвижность
бегство,рукопожатие
общность,инвалидность
нрав,столбец
письменность,плесень
свиданье,блюдце
предосторожность,айсберг
средиземный,летательный
разработка,капитализация
окраска,фобия
влагалище,пристанище
психотерапия,слепота
производный,кажущийся
показательный,беспечный
закон,мизинец
игла,каторга
измучить,растрепать
финского,юрта
уловка,сорочка
полоса,лингвистика
пень,меридиан
прелестный,безмятежный
месторождение,диво
скафандр,колорит
корова,кладовая
пирожное,паломничество
всероссийский,снисходительный
подвал,подтекст
числовой,нагой
захват,меморандум
земляной,хромой
продовольствие,еврейство
занимательный,скалистый
гость,мамонт
парадоксальный,неточный
нехороший,многонациональный
эффективность,рукоять
терпимый,симметричный
санаторий,эпилог
абстракция,пиявка
пятачок,понос
гитлеровский,плюшевый
примерный,необоснованный
жареный,июльский
занятный,пасмурный
равномерный,предсказуемый
естествознание,различение
заросль,полвека
скамеечка,агония
праздный,трепетный
авиакомпания,смута
разовый,фигурный
бессильный,кропотливый
пешеходный,глянцевый
сервер,зигзаг
выслушать,обрушить
выручка,призма
производительность,облачность
сокращение,зверство
скрипка,анархия
гороскоп,фанатизм
порядочный,всенародный
стенка,энтропия
тоненький,узбекский
ватный,провокационный
моторный,сиюминутный
вражеский,радиационный
насыщенный,апрельский
кукуруза,репродукция
величественный,оценочный
замужество,приданое
промежуток,монумент
огород,расизм
палата,стенограмма
календарный,цыганский
социология,обсерватория
семечко,хулиганство
трактир,романтизм
несомненный,обвинительный
побег,сарказм
примета,коллективизация
провинциальный,костный
потный,неудовлетворительный
ускорение,остроумие
управа,утроба
водопровод,перевес
обозрение,лакомство
яблочный,миллионный
отклик,оазис
рождаемость,успешность
клубный,победоносный
пророчество,изнеможение
выстрел,сельсовет
скупать,обновлять
трепет,иней
лик,микроавтобус
целесообразный,великодушный
застывший,вьетнамский
могущественный,венецианский
готический,пурпурный
полномочный,движимый
пауза,утилизация
дореволюционный,обозримый
писательский,шершавый
свисток,насморк
старческий,несчастливый
кобура,поломка
аудитория,геология
специалист,клещ
ощупь,невесомость
лифчик,догмат
пластический,желтоватый
сырость,непрерывность
горбатый,сольный
некрасивый,многодетный
игрушечный,незыблемый
алмаз,откат
недостойный,бритый
недовольство,повеление
бригада,археология
физиология,инквизиция
партия,фильтрация
стенд,сгусток
машиностроение,придание
дремать,помирать
житейский,канонический
фундамент,озноб
частность,невиновность
искусный,шаткий
отпор,сперматозоид
инструкция,котировка
деятельный,ревнивый
капелька,пропажа
рукописи,конфискации
наклонность,горесть
походка,комета
национальный,погодный
неуклюжий,плачевный
сопли,неизвестность
пошлый,беспредельный
кровотечение,умозаключение
звериный,ледовый
детдом,самиздат
копировать,разжигать
призрачный,повсеместный
сокрушительный,ангельский
привет,вычет
разрозненный,ярый
пейзаж,фермент
бродячий,магистральный
градус,комбайн
ведомственный,консультативный
горизонталь,изобретательность
преподнести,осилить
сливочный,целебный
постыдный,неуверенный
примечание,свержение
нашествие,сиятельство
усовершенствование,быдло
занавеска,пурга
исцеление,пропитание
дубль,виноградник
заметка,кочка
заповедник,лексикон
сновидение,водоснабжение
басом,пледом
разведка,хромосома
одинокий,озабоченный
хижина,пощада
карандаш,галоп
поучительный,бесстрастный
сабля,потенция
буфер,клич
земский,убийственный
офис,каштан
кресло,перемирие
доброжелательный,горестный
консервный,равносильный
кассета,чешуя
конфиденциальный,прямолинейный
колода,корреляция
мелодия,аббревиатура
перерыв,нацизм
пансионат,буклет
цилиндр,талмуд
эгоизм,орешек
разлука,кибернетика
ресурс,снегопад
виноградный,несметный
лысина,глюкоза
кров,альпинизм
координационный,недостающий
теплоход,эпос
крушение,честолюбие
извилистый,нестабильный
штанга,переоценка
чудный,ритмический
неважный,негромкий
бег,гепатит
перспектива,униформа
крепнуть,зиять
словарный,вездесущий
вибрировать,хохотать
неопытный,восстановительный
прикрытие,предвидение
приставка,горячка
скамья,неразбериха
столовый,аморальный
кандидатский,губительный
вождение,ликование
мел,квант
штрих,одуванчик
укромный,девственный
подлинник,бестселлер
перевозка,зола
веер,концепт
финальный,безудержный
художник,викинг
расплата,торпеда
мучительный,оптимистичный
беззаботный,вожделенный
переулок,рубин
основа,эгида
связка,апатия
преждевременный,шутливый
свидание,пиратство
магистралей,расценок
водяные,преуспевающие
просуществовать,сгинуть
наследие,сотрясение
блюдо,здравие
рассудок,горб
прибыльный,невиновный
дача,индустриализация
врач,омар
прозаический,элитарный
пиджак,пессимизм
наказ,ингредиент
бинокль,феминизм
аксессуар,маразм
коварство,извещение
сценка,отрава
перчатка,смета
кулинарный,цепкий
нездоровый,кислородный
навигационный,многострадальный
предпочтительный,исправный
дурак,кузнечик
питание,разумение
папироса,слежка
обстоятельный,феноменальный
клык,обруч
робкий,респектабельный
выходка,цистерна
заинтересованность,лесть
наследственный,низенький
детективный,баллистический
столкновение,посягательство
западноевропейский,помятый
оживлять,прогнозировать
автомашина,перестановка
чистка,истерия
генератор,выкрик
утешение,пищеварение
сокрушаться,намереваться
нетрезвый,галактический
мелкий,двухкомнатный
новый,первомайский
безмолвный,изумрудный
нападение,кровопролитие
беседка,сушка
похоронный,ортодоксальный
логичный,непреклонный
бульвар,нейтралитет
поединок,раздражитель
рабство,тональность
магический,инфракрасный
щепка,фортуна
ограбление,дол
змеиный,запоздалый
нетерпеливый,лихорадочный
синтетический,мятежный
запредельный,квалификационный
тибетский,позапрошлый
ножик,титр
обладание,красноречие
участник,буржуй
угловое,исконное
распоряжение,облучение
соблазнительный,безответственный
вонючий,таджикский
статуэтка,антология
сантиметр,отток
округлый,заглавный
миссия,менструация
стянуть,проиллюстрировать
правдивый,красноватый
хроника,вотчина
соединение,удвоение
театр,протон
задумчивость,россыпь
благодатный,карательный
целостность,робость
президент,леопард
величина,подсветка
уязвимый,прицельный
практиковать,усугублять
ротный,бесчувственный
понижение,насыщение
провал,тент
занятость,убедительность
сосед,гетман
малочисленный,вещий
грешный,неоднократный
мужественный,охотный
первенство,ожирение
парикмахерская,дотация
внушение,логово
туристский,симфонический
погрузка,конфедерация
безжизненный,непомерный
расплывчатый,губернаторский
реестр,животик
платье,безделье
доска,депортация
отвага,наводка
буйный,эгоистичный
газетный,раковый
голосовой,травяной
доходный,одноэтажный
пополнение,бесплодие
баррикада,причуда
дополнение,хозяйствование
превращение,недомогание
глубь,изменчивость
заголовок,пергамент
конный,пленарный
сдержанный,честолюбивый
образцовый,необитаемый
соус,пригорок
лексика,виселица
будильник,кустик
питьевой,свиной
долгожданный,обслуживающий
марш,эмбрион
анкета,ратификация
изнасилование,графство
общеобразовательный,микроскопический
паркет,отголосок
возвышенный,ломаный
элемент,микроорганизм
бумажник,идеализм
будка,алгебра
беспристрастный,грузный
приспособление,усложнение
двадцатилетний,многоэтажный
вычислить,упразднить
буквальный,анатомический
шлейф,рентген
фрукт,фельетон
расставание,высокомерие
усвоение,возвышенность
латышский,волнистый
атлантический,освободительный
табурет,фарс
хищение,кружево
воротник,вест
вызов,термометр
установка,централизация
легкомысленный,смиренный
неровный,продолговатый
столик,прообраз
толкование,сосуществование
зуд,бампер
зелень,сажень
фургон,резон
историков,куликов
покрытие,благочестие
пронизать,разогреть
уездный,ивановский
портрет,нейрон
лоток,консерватизм
фасад,тембр
противопоставление,уродство
страсть,артель
мужик,жаворонок
драка,стандартизация
мусорный,гигиенический
омерзительный,неописуемый
шляпа,репа
поднос,пересказ
охват,куплет
слушать,ужасать
награждение,сплетение
затаить,оштрафовать
изгиб,консорциум
библиотечный,звучный
опорный,фотографический
сизый,триумфальный
муть,фальшь
шкатулка,настойка
коммутатор,домысел
обочина,симметрия
непредвиденный,тайский
обманчивый,непоколебимый
почка,махинация
тривиальный,мелодичный
гвардия,свастика
титульный,юмористический
загрузка,амплитуда
умысел,гамбургер
зарождение,истолкование
набережная,идиллия
карикатура,кофта
домовый,мерный
базар,калий
аренда,турбина
окурок,майонез
всемогущий,дряхлый
полнейший,панический
сигарета,дыня
бесцветный,торопливый
извечный,внешнеэкономический
интеллигентный,оккупационный
проработка,громада
морозный,постный
хозяйский,пятнистый
невежество,метание
поцелуй,электрод
наружность,слизь
кавычка,керамика
приказание,расселение
кооперативный,хилый
визит,опиум
тетрадь,двойственность
обрывок,индивидуализм
косточка,олигархия
фонарик,круиз
обслуживать,концентрировать
разрез,яичник
долгий,тысячелетний
кукольный,липовый
непосильный,абхазский
задумчивый,самоотверженный
вежливость,нелюбовь
современность,нетерпимость
подвеска,десятина
дискотека,тирания
массаж,купон
треугольный,фамильный
повозка,устрица
мохнатый,плодородный
дежурить,устрашать
мести,киностудии
алюминиевый,нелюбимый
корректный,голубоватый
пагубный,декабрьский
коррекция,самоорганизация
полюбоваться,заручиться
босой,многовековой
преподаватель,эстонец
раздор,сорняк
волевой,зерновой
сотрудник,швейцарец
ослепительный,небезопасный
коттедж,суффикс
условность,промежность
профессор,шакал
регулятор,апогей
пропагандировать,раскручивать
сукин,знойный
теперешний,медлительный
парковка,крапива
языческий,еловый
редкостный,парусный
частица,невзгода
транспорт,сифилис
афинский,зажиточный
предприимчивый,низменный
любезность,краткость
притязание,испарение
баночка,фиалка
загорелый,июньский
халат,плагиат
изобразительный,первозданный
общепринятый,причинный
щедрый,молниеносный
шок,осадки
мышечный,неравнодушный
рукоятка,разминка
уязвимость,шалость
оправдание,однообразие
строение,извержение
койка,специя
неустойчивый,расхожий
грунт,разбой
отчисления,щупальца
притягательный,белковый
хорошенький,вокальный
государственность,явь
работа,масленица
заканчиваться,усугубляться
камушек,голь
опасение,воинство
переезд,изюм
орудие,антитело
угрюмый,многозначительный
армянский,неделимый
рутина,конопля
расхождение,полнолуние
поэтический,джазовый
тряпка,пунктуация
разногласие,преображение
пространный,неизлечимый
диктофон,плюрализм
проницательность,дикость
награда,дедовщина
мельница,константа
роща,потеха
воспрепятствовать,навредить
оживить,оседлать
мемориальный,клеточный
бутылочка,префектура
кормушка,изюминка
кнопка,биосфера
небогатый,ковровый
нагорный,тыльный
ножка,эрудиция
ненормальный,зримый
обозначение,сокрытие
жизнедеятельность,бессмысленность
кран,скептицизм
корыстный,бесчеловечный
переводчик,бизон
блиндаж,выкидыш
подрастать,благоухать
крюк,ананас
загадка,ржавчина
проявляться,воплощаться
пирожок,табун
неприличный,падший
дальневосточный,отрадный
представительный,облачный
оперный,несостоятельный
гробница,ориентировка
типичный,ориентированный
винт,псалом
свадебный,усопший
ромашка,буханка
диван,экватор
группировка,сага
обиженный,биохимический
спекулятивный,неглубокий
полночь,байдарка
окружность,сосредоточенность
мишень,шмотки
сундук,окрик
ловушка,нажива
отбор,бот
прикол,булат
рыбацкий,нотариальный
наглость,пассивность
глиняный,приборный
одноглазый,прагматический
мартовский,головокружительный
стилистика,впадина
кратковременный,кровожадный
акустический,неспокойный
грудное,синхронное
депрессия,пластмасса
безоблачный,артистический
концертный,неблагополучный
неосторожный,рассудительный
автор,удав
распятие,веление
брачный,стрессовый
барышня,герцогиня
мифический,протяжный
жена,собеседница
галька,подмога
ваза,демагогия
мегафон,круговорот
подземелье,чудище
кораблик,накал
вышеупомянутый,незапамятный
мерцать,кряхтеть
проволочный,взаимовыгодный
пята,историография
кроватка,горстка
агрессия,телогрейка
пересылка,пудра
рубеж,катализатор
пятилетка,распря
цирковой,тыловой
умножение,олицетворение
завтрашний,песочный
обеденный,камерный
неправый,достижимый
морщина,засуха
ограда,оргия
цветовой,нежилой
репутация,унификация
кураж,подиум
доверие,разоружение
уход,фен
безобразный,перманентный
увлекательный,единодушный
поднятие,песнопение
келья,библиография
оглядка,нормализация
воля,автострада
императорский,слизистый
мочевого,публицистического
кавалерия,мелодрама
самолюбие,соболезнование
парный,злостный
известить,отследить
рутинный,тучный
посильный,многолюдный
трубочка,клизма
маршрутка,прелюдия
мэр,пеликан
ремесло,отречение
брат,филин
плач,аспирин
девица,киска
мальчишеский,стоячий
кавалерийский,автобиографический
графиня,соперница
приблизительный,трагичный
обстрелу,ому
евангельский,доисторический
задница,фольга
бюст,эпицентр
враг,аист
количественный,полиграфический
выздоровление,язычество
эфирный,вышесказанный
часовня,песчинка
дурацкий,ледниковый
большевистский,архаичный
соорудить,разграбить
репетиция,нагота
затяжной,воровской
терпимость,верфь
холл,никель
непосредственность,эластичность
проезжий,дизайнерский
благоразумный,зоркий
невежественный,монтажный
мотыга,стужа
пророческий,малюсенький
весть,дрожжи
бездонный,температурный
тапочки,тщательность
оке,младенчестве
безразличный,посмертный
непродолжительный,младенческий
вилка,подкладка
небрежность,самобытность
деление,великодушие
офицер,ингуш
коровий,гомосексуальный
салфетка,сиська
затылок,янтарь
удочка,дельта
заказчик,ящер
похвальный,светловолосый
сейф,путч
взрывчатый,унитарный
впечатлительный,хоккейный
пашня,пылинка
гарь,религиозность
прибыли,филармонии
исток,иконостас
проекция,щиколотка
шнурок,шик
отлететь,кашлянуть
контактный,соевый
жребий,хрип
хранилище,предплечье
дежурство,нагромождение
пылкий,неумелый
гардероб,позвонок
смутный,размытый
рукавица,разрядка
требовательный,бесшумный
гипноз,кафтан
тренинг,огурчик
одеколон,отзвук
отбой,нектар
масонский,серенький
византийский,упавший
тюбик,разлад
купеческий,безоговорочный
неправда,подгруппа
офицерский,контрастный
балет,примус
заболеваемость,жесть
транзитный,орудийный
распознавать,источать
рассеянный,жемчужный
явка,луковица
экономичный,греховный
агрегат,червонец
трусость,неустойчивость
любительский,шестилетний
дополнять,маскировать
лужайка,телекамера
метла,телепатия
врачебный,беспрерывный
непримиримый,повальный
канава,рюмочка
божий,заповедный
напрягаться,фотографироваться
просветительский,тягучий
портовый,немощный
миллиграмм,кокон
отбиться,деться
экскурсия,лепта
наводнение,благоразумие
осенний,репрессивный
субботний,нагрудный
равноправный,улыбчивый
баржа,фикция
бескрайний,арктический
иерархический,собранный
малиновый,допотопный
клавиша,канистра
апокалипсис,автовокзал
секс,тиф
учредительный,термоядерный
обоз,гастроном
лом,бифштекс
кубик,холестерин
порча,тапка
полгода,вынос
решительность,полынь
шашка,лодыжка
избиратель,страхователь
тематика,нирвана
регистр,холмик
эстрадный,гусиный
отзывчивый,настенный
коллекция,швабра
соблюдение,зарево
предпоследний,жертвенный
кафедра,соната
парта,земляника
прискорбный,вдохновенный
десятилетний,мещанский
выпадение,самоутверждение
легковых,лежачих
вопль,памперс
видеомагнитофон,онанизм
колесница,экипировка
конъюнктура,фонограмма
конфликтный,утешительный
перечисление,наклонение
гордости,анестезии
неоспоримый,фермерский
расходный,измерительный
притяжение,венчание
правда,штанина
минутный,тысячный
конкурсный,водородный
несправедливость,неясность
поворотный,неисчерпаемый
жуть,оплошность
свинцовый,априорный
неутомимый,судорожный
артист,судак
неотделимый,каштановый
кошачий,межгосударственный
груша,мембрана
жировой,внеочередной
ювелирный,высокооплачиваемый
иголка,частушка
судейский,заядлый
честность,чернь
диалектический,бомбардировочный
сохранность,безответственность
талия,национализация
устремление,нарекание
самобытный,непрозрачный
зловещий,миротворческий
гуща,смородина
благотворный,прерывистый
неразрешимый,человечий
посуда,огласка
башка,конспирация
конвой,абажур
дипломный,воображаемый
тракт,каламбур
меткий,изобретательный
изменчивый,утопический
богословский,концентрированный
сокровенный,бурятский
плотский,предупредительный
представитель,ягуар
уклонение,переплетение
флотский,распределительный
прихоть,алчность
стипендия,булочная
грань,подозрительность
удостоверение,кипение
овощной,шальной
потребитель,джигит
звучание,яблочко
ошейник,диспут
милости,акации
аристократический,безмерный
федеративный,антитеррористический
француз,сверчок
ревность,тушь
царица,гувернантка
суммарный,олигархический
стойкость,управляемость
неторопливый,язвительный
курок,квартет
милосердный,джинсовый
абсурд,федерализм
караульный,порнографический
богослужение,плодородие
слуга,корифей
щетина,овация
океанский,гипсовый
непроходимый,канализационный
ноготь,шлак
дирекция,презумпция
вестибюль,плеск
усугубить,восполнить
сплетня,вьюга
выпускной,долговой
неуместный,пятнадцатилетний
запястья,сгорания
шаблон,синод
коляска,колонизация
ласковый,морфологический
присмотр,скальпель
игнорировать,продлевать
упрямый,размеренный
устье,полчище
пациентка,горилла
родня,десна
фаза,беготня
белоснежный,вредоносный
купюра,ассимиляция
складка,агентура
сверкающий,сирийский
поток,сироп
непригодный,миловидный
утюг,предикат
работник,невежда
гостья,преамбула
резкость,рябь
несовершенный,дымный
присоединение,обожание
безразличие,бормотание
пересечение,оплодотворение
дозор,ладан
крашеный,бычий
подход,фотон
багровый,экстравагантный
лоза,селекция
трофей,изыск
сборный,ингушский
отрицательный,новоявленный
кольцевой,брюшной
пролетарский,тенистый
поперечный,долговязый
неразумный,единовременный
альпийский,ветреный
экспертиза,прерогатива
монашеский,пузатый
носовой,надувной
презрение,сердцебиение
мужественность,исключительность
струйка,тахта
цепную,скульптурную
дистанция,вакцинация
истинность,эмаль
холст,ропот
обменный,многомиллионный
рабский,маршрутный
крупица,косынка
обновить,изжить
азарт,феодализм
рейд,аршин
общий,многосторонний
гостиничный,литейный
утомительный,символичный
погибель,беспечность
сказание,хладнокровие
талант,циклон
докторский,градостроительный
неграмотный,отопительный
выселение,легкомыслие
смола,капельница
многократный,выборочный
китаец,шмель
котельная,трясина
мускулистый,киргизский
незаконченный,типографский
развлечение,придаток
поддельный,керосиновый
восхитительный,неудержимый
почесать,искоренить
станица,варежка
горница,высылка
волосатый,цементный
лестничный,кровопролитный
майка,рупия
тропический,голубоглазый
дубинка,тирада
несущий,карибский
катушка,эрозия
дельный,марийский
фунт,колос
квартирный,вдумчивый
пометка,лоджия
портфель,апофеоз
крючок,изумруд
блатной,вкусовой
нарядный,суетливый
подозрительный,аномальный
бородатый,святейший
патрульный,незваный
сладостный,приветственный
дефицитный,лакомый
избить,приручить
бельгийский,растерянный
налаживаться,сообщаться
отделение,умирание
дизель,разлом
педаль,наблюдательность
непохожий,импровизированный
нежности,пневмонии
влечение,изваяние
пророк,карась
повторение,фехтование
полено,самоуважение
ажурный,неприкосновенный
заблуждаться,разниться
раздевалка,отговорка
бесстрашный,непроизвольный
карусель,канифоль
сечение,скитание
духовность,прорубь
войсковой,городовой
дивизия,кроссовка
собеседование,стояние
подконтрольный,министерский
несправедливый,полый
ярость,голень
карточный,невесомый
братский,нерадивый
странствовать,преуспевать
баллада,руина
жизнеспособный,человечный
своеобразие,привыкание
наглядностью,авторучкой
неприглядный,апостольский
преданность,жизнеспособность
арифметический,растворимый
гарантийный,хладнокровный
самоуверенность,пядь
ленинградский,мелочный
статический,ненаглядный
гибкость,слякоть
впечатлять,охлаждать
бутик,полумесяц
поход,папоротник
смертность,обоснованность
исповедь,сухость
фартук,экстракт
выкрикивать,загрязнять
мантия,расцветка
мальчик,мул
балтийский,чудотворный
пистолет,карантин
текстильный,безвестный
радиограмма,пробежка
исчерпывающий,старательный
обет,скок
возмущение,зачисление
усыновление,месиво
агент,пингвин
столетний,лазурный
ступня,сосулька
сенсационный,неправомерный
эмпирический,незабвенный
замысловатый,убойный
прокат,бицепс
коронный,безвкусный
упаковка,орхидея
трусливый,нахальный
отход,бамбук
пародия,синица
герой,грызун
гайка,приправа
противотанковый,новаторский
солидный,оправданный
лимонный,стриженый
выдержка,бяка
головоломка,соя
завтрак,плющ
отработка,аудиенция
кроткий,неоправданный
архитектурный,чернильный
отпуск,ост
пучок,рационализм
газон,акциз
морщинистый,антифашистский
хитрость,согласованность
отблеск,саботаж
компактный,завистливый
листочек,папирус
перевал,антивирус
убыточный,орфографический
движок,аккомпанемент
языковые,плавучие
подушечка,шпана
керамический,нецелесообразный
слог,никотин
правонарушение,смягчение
овца,баронесса
бодрость,несовместимость
камин,буран
балетный,сумеречный
украшение,волеизъявление
опись,неровность
запчасть,сонливость
растерянность,фасоль
устой,поджог
антропологический,безбрежный
гул,склероз
вышивка,перипетия
сходный,нежданный
выразительность,лопасть
квалификация,индексация
песнь,годность
тормозным,неугодным
ворох,самообман
родинка,помолвка
пьедестал,подкуп
милосердие,земство
жопа,дюна
прослушивание,оповещение
феодальный,испытанный
боярский,недоверчивый
пижама,паства
усердный,несравненный
противоестественный,геройский
ботанический,породистый
паршивый,неотвратимый
тонкость,причинность
столбик,центнер
алмазный,окаянный
сельдь,лань
отвратительный,кристаллический
экранизация,спячка
профиль,гелий
машинный,нескромный
тендер,комиссариат
ассоциативный,летальный
вавилонский,милейший
звон,бутон
доблестный,фанатичный
универсальность,поспешность
первоклассный,низкорослый
зависть,множественность
ветеринарный,башкирский
имущество,средоточие
значимость,гортань
глухонемой,хоровой
вымышленный,проворный
повестка,холера
кружевной,спусковой
соприкосновение,перевоплощение
устремиться,ввязаться
бескорыстный,миролюбивый
крыса,наследница
землянка,клюква
недосягаемый,надуманный
эксперт,моллюск
седло,переливание
поместье,побоище
амулет,геморрой
бизнесмен,дог
прыжок,цинк
старинный,разносторонний
усмешка,выпечка
олений,неутешительный
скверный,доморощенный
патруль,плетень
солидарность,копоть
сводный,длинноногий
лифт,натрий
посредственный,ладный
безрассудный,экономный
нашуметь,утонуть
мизерный,долларовый
пренебрежение,соучастие
либерализм,стек
издевательство,беспамятство
юродивый,исполинский
официантка,нимфа
краеведческий,сморщенный
маятник,шабаш
флажок,альтруизм
ложка,циркуляция
широкоплечий,аргентинский
стечение,совершеннолетие
максимальный,многогранный
облигация,викторина
порядочность,торжественность
растительный,компромиссный
благодать,известь
блондинка,куропатка
выигрышный,бездетный
царапина,аминокислота
тождественный,неоднородный
телесный,ветхозаветный
товар,сарафан
благочестивый,статный
шарф,происки
теннисный,серный
фюзеляж,антракт
влажность,суровость
смешение,облачение
карета,жратва
предлог,овал
посадочный,пахучий
господство,шуршание
начальство,перевооружение
простодушный,папский
шутка,пригоршня
шлюз,некролог
затишье,подворье
оборот,кедр
мороженое,прения
пакость,деликатность
таможня,аллегория
меховой,судовой
путный,чокнутый
карельский,атеистический
полость,замкнутость
пояс,изотоп
изыскание,послесловие
десант,прииск
монументальный,алчный
эскалатор,бриз
театральный,ископаемый
дьявольский,сточный
берлога,отгрузка
развязка,армада
мольба,софа
погашение,растворение
циферблат,императив
рюмка,девальвация
наркоз,напев
насмешливый,дотошный
озорной,губной
марка,высотка
укоротить,проговорить
амбар,нюх
резьба,петиция
скрипучий,томатный
апельсиновый,чахлый
астральный,бежевый
криминал,фужер
работоспособность,тревожность
адвокат,ненец
добропорядочный,оборванный
льняной,показной
полочка,паранойя
рать,требовательность
воинственный,органичный
государство,языкознание
служанка,львица
снасть,пряность
помада,нейтрализация
оливковый,озимый
предположение,лукавство
магнитофон,шовинизм
билет,бочок
мозаика,афера
болт,гостинец
отставка,комнатушка
мнимый,снайперский
мойка,кириллица
многообразный,соединительный
категорический,невежливый
бородка,демография
залог,нигилизм
духовка,неурядица
эротический,яичный
двигательный,баварский
веранда,морфология
эластичный,авангардный
отвесный,смирный
разворот,католицизм
женственный,спичечный
благополучный,застойный
трудолюбивый,годичный
странность,лей
канат,краситель
выполнение,городишко
святость,задворки
алфавита,слому
лепить,попирать
маловероятный,разительный
благотворительность,брезгливость
насильственный,безвозмездный
фанерный,талый
серп,экспромт
бревно,расслоение
четверть,недопустимость
доверительный,синеватый
неисправный,вероятностный
верховой,лучевой
вата,порука
мастер,кальмар
посольский,беспризорный
голодовка,башенка
кокаин,надрыв
юстиция,пагода
безукоризненный,мстительный
признательный,заспанный
репертуар,нокаут
подросток,половец
раздражительный,механизированный
разложение,рыболовство
оздоровительный,бревенчатый
бывалый,суетный
недра,окупаемость
погребение,благодеяние
единоличный,грубоватый
неестественный,хреновый
кратчайший,недвусмысленный
путеводитель,маникюр
драматургия,черника
высокомерный,величавый
вражда,непривычка
неотразимый,мечтательный
свеча,модуляция
терпкий,кругленький
приверженность,мякоть
безликий,щитовидный
покорность,урожайность
йод,джем
вещественный,крупнокалиберный
цепь,оконечность
полноправный,пальмовый
связующий,бригадный
навоз,кубрик
открытый,восьмилетний
цветастый,драматичный
приземистый,тщеславный
подставка,долька
напоминание,довольствие
идиотский,пугливый
колокольня,алхимия
неистовый,степенный
свалка,антипатия
дробный,маститый
фронтовой,печной
асфальтовый,беззвучный
мобилизационный,строптивый
непреодолимый,поступательный
преимущественный,порывистый
восприимчивый,кислотный
лихо,фотографирование
непоправимый,однополый
пролетариат,шельф
непостоянный,овечий
противодействие,надгробие
рассуждения,гулянья
курсив,пат
кандидат,буйвол
куст,кипарис
журнальный,изогнутый
канцелярский,литровый
биржа,оспа
несогласие,томление
больничный,ближневосточный
эксплуатационный,незрелый
взаимность,мигрень
отеческий,ружейный
гадкий,радушный
местоположение,предзнаменование
шланг,драматизм
подвальный,необузданный
обезьяна,дочурка
конура,партитура
вторник,миокард
благосклонный,притворный
управляющий,туркмен
монолитный,порядковый
тайм,бордюр
взмах,интеграл
послевоенный,многотысячный
сбережение,порицание
затянуть,разбомбить
пациент,недоброжелатель
кошмарный,апелляционный
домработница,саранча
статуя,тушка
охотник,пудель
улочка,варка
вылазка,гаубица
отличительный,гоночный
персонал,мораторий
среднестатистический,мясистый
шахта,фальшивка
комфортабельный,жилистый
цепочка,осина
риф,томат
жевательный,орлиный
контраст,ипподром
профилактика,иена
сентябрьский,сытный
осторожный,забитый
проба,мошонка
юбилейный,негритянский
лапка,пеня
целенаправленный,кладбищенский
раздельный,неправдоподобный
крона,одышка
местечко,освидетельствование
объятие,целомудрие
застеклить,пробормотать
алкогольный,оловянный
дворовый,безвольный
самодеятельный,висячий
покупатель,чиж
шайба,трущоба
пельмень,трагизм
горючий,топографический
водохранилище,засилье
празднество,подлежащее
иррациональный,благодарственный
погубить,облюбовать
стоянка,кобра
рычаг,диктат
всевозможный,полуголый
извлечение,марево
жених,коршун
колокол,антагонизм
отражение,запустение
безжалостный,утвердительный
однородный,игральный
задушевный,опрятный
апелляция,манжета
говно,замораживание
заблуждение,совокупление
возмездие,рычание
менталитет,рык
дамба,квартплата
двоюродный,вегетативный
пульт,эликсир
пай,интернационализм
лопухами,паводками
всесильный,гречневый
сортировка,жатва
алфавитный,сутулый
наклон,царизм
разгадка,портьера
просвет,кофеин
усилитель,злак
скорбь,живучесть
штукатурка,богема
новость,настороженность
каюта,термодинамика
хвойный,облезлый
электростанция,рассрочка
спешка,сыворотка
крыша,фора
аристократия,марля
автоматный,всегдашний
исправительный,натянутый
презренный,драный
трофейный,неукротимый
неприметный,белобрысый
свежесть,темень
пустяковый,безалкогольный
кромка,рационализация
подполье,увечье
восторженный,недоуменный
затеять,ужесточить
причал,коралл
звено,делегирование
реакционный,безысходный
жемчужина,индукция
нескрываемый,тракторный
ностальгия,перина
душистый,несвойственный
составление,отрочество
красноармейский,неосуществимый
пропорция,дискредитация
облик,желток
припадок,наган
подножие,злорадство
надбавка,компоновка
скатерть,информированность
авианосец,абонемент
целостный,бездумный
столб,клубень
бугор,преферанс
кнут,арьергард
житие,бурение
недвижимый,спешный
тридцатилетний,гонимый
штормовой,весовой
порочный,аэродинамический
переломный,труднодоступный
магия,нянечка
окровавленный,полукруглый
ввод,фосфор
подол,конгломерат
прибой,коллективизм
медовый,ностальгический
корявый,брезгливый
веселиться,нагреваться
основополагающий,одобрительный
энциклопедический,вздорный
мельчайший,сберегательный
ипотечный,ультрафиолетовый
хитрый,осмысленный
диплом,патриархат
филологический,несогласный
богородица,рептилия
пуск,аллерген
осуществимый,неписаный
бортовой,ржаной
свая,проказа
мышиный,рыжеватый
примат,корсар
визг,арбитраж
диковинный,аскетический
воспитанный,кратный
шпага,клякса
малоизвестный,державный
хмурый,тактичный
булавка,арматура
курсовой,подвесной
утерять,отяготить
учительский,благостный
незабываемый,дидактический
вязаный,высокогорный
дождливый,аморфный
игрок,грач
бокс,полиэтилен
композиционный,несвоевременный
патентный,пряный
действо,назидание
капсула,прогрессия
пробирка,клиентура
булыжник,реквием
дисплей,абрикос
дарование,прославление
полосатый,стыдный
клетчатый,прилежный
вдох,коллаж
будничный,сопредельный
реликвия,латиница
хронология,кадка
картонный,крикливый
телеграфный,цилиндрический
негласный,лобный
нетерпимый,бесстыдный
слоновый,сосудистый
насаждать,координировать
настоятельный,вероломный
программист,бульдог
психолог,антипод
ориентир,раритет
отборочный,рентабельный
указание,руно
преобладание,кокетство
устойчивость,виолончель
архивный,высокоточный
отраслевой,подвижной
колледж,конфуз
предназначение,мочеиспускание
самоуверенный,трубный
приманка,киса
еженедельник,аскетизм
гудок,оккультизм
родина,незабудка
прокладка,геополитика
измученный,певчий
проектирование,чиновничество
подряд,линолеум
пальчик,молодняк
писк,монолит
плитка,малярия
плантация,триада
древесный,сногсшибательный
береговое,подсолнечное
материалистический,зубчатый
половинка,онтология
невнятный,размашистый
конструкция,лагуна
запрещение,монашество
катер,индуизм
латиноамериканский,набожный
инсульт,внедорожник
стук,лобок
неосторожность,судимость
павильон,магнетизм
библиотека,бородавка
подставной,соляной
полупрозрачный,комедийный
барабанный,горелый
пояснение,свинство
аттестат,пуп
комиссионный,кедровый
бутыль,приятность
ураган,небосклон
эмигрантский,бесподобный
бренный,курносый
сделка,картофелина
компьютеризация,этнография
злосчастный,кремовый
предъявление,бдение
мордочка,попойка
зубастый,общенародный
железобетонный,пренебрежительный
лава,анемия
каждодневный,услужливый
ансамбль,паритет
антисемитский,простительный
кафедральный,непрошеный
запрос,токсин
блокнот,метеор
потайной,узловой
сведущий,текучий
скула,позолота
пошлость,посредственность
выдвижение,ожесточение
ноябрьский,правомерный
безличный,суконный
бархат,лаж
постижение,правописание
задолженность,интеллигентность
зов,апатит
имущественный,проникнутый
всеобъемлющий,наручный
нешуточный,придаточный
шуточный,непроглядный
обнаружение,олово
сталь,превратность
кинематографический,бессловесный
невинность,доверчивость
телеграф,смрад
пропорциональный,виртуозный
алтайский,опальный
титан,акр
колокольный,оголтелый
реактивный,косматый
азербайджанский,толстенький
двухместный,двоякий
арендный,автотранспортный
сатирический,самоходный
погребальный,воинствующий
общепризнанный,издевательский
кепка,доярка
карниз,помои
подлость,неверность
машиностроительный,отъявленный
патент,аркан
пикантный,расистский
шинель,текучесть
директорский,похотливый
якорь,блеф
завеса,хохма
бесформенный,умопомрачительный
бараний,земледельческий
бумажка,консервация
съедобный,якорный
ноша,кинематография
форменный,надоедливый
кожный,бесплотный
отвращение,равноденствие
панельный,баснословный
воскрешение,кондиционирование
рация,гинекология
кишка,укоризна
греческий,бойкот
сорокалетний,центробежный
нерешительный,придирчивый
шнур,прутик
иллюзорный,вахтенный
полковой,выхлопной
пытливый,безошибочный
демонстративный,неустанный
романс,паштет
полюс,шиш
помещичий,перламутровый
пряник,абсолютизм
ярмарка,октава
абсурдность,вентиль
затруднительный,кощунственный
вентилятор,срам
мафия,твердыня
злополучный,кругосветный
слуховой,подрывной
лживый,кинетический
спрос,газик
резвый,нарочитый
ароматический,непререкаемый
внешнеторговый,бескровный
болтовня,кофеварка
варенье,снадобье
терминал,компресс
колея,механизация
полуденный,ползучий
вождь,петушок
затея,плацента
сотовый,командировочный
оранжерея,душка
разогревать,имитировать
комический,сепаратистский
догадка,редька
торт,подснежник
фирменный,предшествующий
прядь,немощь
снабжение,аббатство
смысловой,хвостовой
наставление,стремя
солидарный,тренерский
усы,тайфунов
вхождение,прояснение
отправление,бесстрашие
стационар,вершок
поспешный,безболезненный
лавочка,рассада
невнимательный,складный
неотложный,мотивированный
зад,аппендицит
шлюпка,шифровка
должностной,пусковой
дивный,безнаказанный
постулат,дарвинизм
фазовый,ограничительный
товарищеский,фонарный
внебрачный,закулисный
общительный,несусветный
милостивый,неуклонный
племянница,кикимора
обоюдный,песенный
тайник,оброк
картинный,долгорукий
расписка,глухота
секция,амуниция
секундный,неприветливый
диспетчерский,несокрушимый
мостик,нимб
продавец,беркут
интервал,садизм
безделушка,экспрессия
невыразимый,явственный
безграмотный,экий
александрийский,асимметричный
тренировать,разъедать
среднеазиатский,неприкрытый
богословие,оцепление
гарнизон,ландыш
радиатор,субстрат
неразличимый,радиолокационный
училище,удушье
неприятность,спесь
данные,лыко
миссионерский,бесхитростный
капитанский,бордовый
координатор,однокашник
изнурительный,приметный
котелок,катар
вербальный,розоватый
карликовый,глинистый
заход,фронтон
гроза,пасека
праведный,гавайский
неладный,начитанный
неумолимый,однократный
внимательность,праздность
контрреволюционный,выполнимый
выключатель,памфлет
сметана,прошивка
незатейливый,набитый
дифференциальный,целомудренный
надстройка,грыжа
безумие,кораблекрушение
выставочный,наихудший
представительство,вымя
планирование,терзание
корреспондент,лошак
обособленный,ломкий
глазной,шаровой
тропинка,унция
шум,хоромы
ненасытный,неправедный
сосиска,ямочка
производитель,скворец
предупреждение,омерзение
пытка,арфа
томительный,нескладный
умышленный,чемпионский
император,варяг
пламенный,отверженный
обойма,оперетта
холодильный,неказистый
умолчание,новаторство
податливый,гостиный
семилетний,благообразный
забастовка,роба
пассаж,некрополь
континентальный,чукотский
планомерный,деловитый
взятка,зоология
гравюра,обедня
бессовестный,вкрадчивый
гармонический,бенгальский
глотать,восполнять
пехота,папаха
карнавальный,подведомственный
отсек,магний
дисциплинарный,двуглавый
рознь,снедь
пляска,фотокарточка
ртутный,давешний
неминуемый,напористый
христианин,зубр
револьвер,калач
оператор,молдаванин
набросок,песчаник
чувственный,заведомый
переключение,просторечие
питательный,боеспособный
том,углеводород
скальный,ненецкий
лимузин,подшипник
присутствующий,пакистанский
скудный,неслышный
гороховый,противоракетный
месячный,продвинутый
туркменский,расстроенный
розетка,телефония
выносливость,скупость
беспросветный,обманный
фанера,статика
анальный,ненадлежащий
худощавый,разделительный
бессмыслица,толчея
регламент,кальян
зной,вояж
участковый,носатый
сетка,симуляция
госпитальный,неприхотливый
козырь,нарыв
кинжал,омлет
португальский,земноводный
живучий,вороний
возня,редиска
морг,синдикат
загробный,потухший
авантюрный,оркестровый
противопоказанный,дагестанский
махровый,платонический
пасхальный,сивый
ведьма,прачка
опаска,сварка
лестный,самонадеянный
сменный,патриарший
губернский,рубиновый
парад,ставень
застарелый,покатый
выключать,гнести
крытый,гидравлический
лавровый,двукратный
пластинка,сбруя
противопожарный,безногий
шотландский,манящий
пересмотр,кантон
стаж,чуб
костлявый,бесшабашный
вирусный,обидчивый
кузов,анамнез
колхоз,манускрипт
посылка,махорка
превысить,забраковать
свобода,брусника
водитель,осьминог
корневой,передвижной
тренер,жлоб
заколдованный,картографический
запор,сапфир
гнусный,резонный
увесистый,прожорливый
парашют,милитаризм
моча,вакханалия
аффект,растворитель
демонический,прокатный
баян,гной
матушка,гнида
лиловый,обитаемый
нечаянный,кокетливый
завоевание,противоядие
херня,маца
ядро,окисление
внесение,вкрапление
антикварный,рудный
наркомания,эпиграмма
площадка,лиственница
ревностный,поголовный
ходячий,сейсмический
штурмовой,видовой
сумка,коррозия
бледность,санчасть
рисовый,истекший
законченный,совещательный
содружество,озлобление
свинья,покойница
суеверный,павший
избитый,самодержавный
банановый,травянистый
бессонный,конический
жанр,кремний
бензиновый,начальственный
смертоносный,пунцовый
матерный,пухленький
люк,агат
банкет,сглаз
зубной,плечевой
предсмертный,почечный
артериальный,неравномерный
глыба,хризантема
трудоспособный,конторский
королева,пассия
допущение,склонение
ловля,стенокардия
оружейный,неумный
ехидный,проникновенный
кислый,геофизический
бразильский,дымчатый
спелый,англосаксонский
смятение,солнцестояние
динамический,лаковый
аспект,пушок
дочерний,отделочный
устройство,благовещение
географический,предполагаемый
толчок,аргон
акватории,повторяемости
разврат,штемпель
трактат,сифон
протокол,миндаль
позволение,добродушие
лейтенант,баклан
баранка,химчистка
невестка,русификация
скрытный,дословный
брезент,сель
линейка,кастрация
немолодой,витой
секретарша,анаконда
калькулятор,презент
контора,маслина
очищение,автомагистраль
декоративный,исполненный
межа,мешанина
знамение,вероломство
совместимый,беспочвенный
наследование,восхваление
призвание,кровоизлияние
гражданин,сурок
темница,метрика
стишок,антидепрессант
некорректный,беспрепятственный
свинец,бронхит
каркас,полустанок
иврит,шлепок
клиент,славянофил
кишечный,прихотливый
визжать,ржаветь
реал,бекон
благословенный,цинковый
укус,патефон
поклон,артрит
номенклатурный,соразмерный
марихуана,пантомима
брешь,безмятежность
фрак,катехизис
сумочка,незадача
трюк,кварц
двусмысленный,кристальный
веточка,мультипликация
непокорный,мужицкий
рукописный,гетеросексуальный
угощение,непослушание
башмак,маргарин
переправа,тигрица
сборище,чистилище
скука,солянка
размножение,водоизмещение
термос,рикошет
правильность,жабры
разговорчивый,предусмотрительный
коммунист,хариус
темперамент,абсент
молва,парча
вагонный,обворожительный
ожерелье,безденежье
особняк,скипетр
северокорейский,бестактный
реалистический,замшелый
именитый,надводный
девчонка,наставница
пустынный,неразрывный
охрана,онкология
зверский,многословный
шерстяной,рябой
бульон,вазелин
выносливый,конъюнктурный
немо,примирительно
чувство,миро
космонавтика,крупинка
грохот,ксенон
терраса,сублимация
милая,топография
жилище,плоскогорье
инвентарь,конденсат
нетронутый,слышимый
бредовый,ненастный
расположение,наделение
нива,платина
сносный,полуоткрытый
базарный,неизмеримый
фарфор,лиман
продуктивность,лазурь
колоритный,мастерский
параграф,можжевельник
фармацевтический,шипящий
неоновый,поправимый
рисование,недержание
пьянка,амфора
низовой,среднегодовой
осуществление,градостроительство
банный,моложавый
дуэт,циркуль
македонский,страдальческий
патриархальный,стыдливый
травинка,натуга
потомственный,словацкий
заурядный,веснушчатый
задержание,слагаемое
дубовый,замедленный
шампунь,рассол
тройной,гнедой
камыш,субтитр
диета,горловина
памятный,клейкий
повелительный,эротичный
кругозор,кляп
скотина,украинка
радиостанция,космология
эмиссии,порочности
незадачливый,говяжий
наличный,пористый
вычислительный,термический
вывеска,телятина
сношение,подданство
долговечный,иноязычный
развлекательный,сладострастный
правдоподобный,беззаветный
датчик,протекторат
портативный,подследственный
ресторанный,антропоморфный
монархический,плодовый
усадьба,анафема
высохший,алгебраический
ароматный,брюссельский
флотилия,конверсия
уборная,оладья
дремучий,кровельный
потоп,окорок
интеллигентский,квашеный
неуловимый,сочувственный
шуточка,аркада
шоссейный,обрывистый
кабельный,клеветнический
шалаш,неологизм
миленький,лиственный
сообразительный,глагольный
сытый,раздражающий
магнитофонный,привередливый
отображение,ханство
наклейка,рекогносцировка
гвардейский,пуховый
раскол,столбняк
дуэль,интимность
шапочка,изжога
проститутка,гиена
шпионский,курдский
суматоха,самокритика
малость,шероховатость
произношение,богохульство
вышеназванный,люминесцентный
двухэтажный,плешивый
финиш,ацетон
дизельный,полимерный
благоговение,ханжество
холеный,аутентичный
привидение,накаливание
сочинение,обезболивание
жасмин,вязкость
рациональность,стыдливость
силуэт,вареник
водочный,шампанский
вставка,баланда
разбойничий,предположительный
тормоз,многоугольник
пороховой,осевой
приморский,покинутый
черноволосый,покаянный
онтологический,глубоководный
биржевой,литой
козий,заносчивый
живот,пудинг
любознательный,коридорный
ущербный,аллегорический
вселенский,ступенчатый
пена,клоунада
бесперспективный,ослиный
январский,человекообразный
альянс,херес
вышеуказанный,пунктуальный
могильный,антивоенный
девочка,пантера
сахарный,ординарный
оргазм,плинтус
председатель,лосось
неприязнь,провинность
клин,бархан
слабоумный,бережливый
стирка,горошина
народность,шаровары
медвежий,увеличительный
нескончаемый,везучий
экстаз,глинтвейн
покаяние,герцогство
шов,гейзер
аванс,клипер
рыболовный,правомочный
шеренга,воровка
россиянин,альбатрос
сустав,вереск
фигурка,артикуляция
радар,волдырь
янтарный,краснокожий
купальник,поперечник
продольный,понятливый
хозяин,лилипут
перегрузка,аберрация
фрегат,самородок
басня,икота
ухоженный,тектонический
неуправляемый,незамедлительный
зыбкий,антарктический
мягкость,гармонь
почтительный,горделивый
неисправность,свирель
похождение,древко
носик,реактив
вокзал,полмиллиона
соломинка,серенада
активность,неоднородность
дорожка,аритмия
подкова,волынка
инвалидный,злопамятный
букет,ватман
руль,мышьяк
среднемесячный,неподкупный
негатив,лютик
сентиментальный,поваренный
апокриф,дискомфорт
методический,нержавеющий
привилегированный,всемерный
трудоустройство,соцветие
методологический,водянистый
нищенский,троюродный
выписка,ольха
ленточный,отсутствующий
стерильный,порожний
возвратный,увядший
иностранец,сексолог
конкурент,вепрь
пафос,дебет
пароход,копчик
дура,плотва
батарейка,черешня
отставной,снеговой
непобедимый,стариковский
рыбачий,обратимый
ругательство,повешение
очарование,прелюбодеяние
мяч,желвак
холостяцкий,червонный
магазин,сочельник
гневный,неприязненный
высказывание,урчание
метровый,безрукий
неполноценный,иллюстрированный
объективность,пунктуальность
настройка,котловина
неугомонный,внесудебный
зонт,сандвич
створка,какофония
игорный,деревообрабатывающий
муза,боярыня
завязка,неполнота
преследование,сухожилие
касса,ампутация
лирический,помпезный
кудрявый,дилетантский
этюд,карамель
благоустроенный,претенциозный
результативный,почвенный
зоологический,контейнерный
победитель,выхухоль
плавание,бабло
нора,саванна
проход,градиент
коллизия,тога
розыгрыш,кворум
достояние,испражнение
помысел,ясень
габарит,пируэт
такт,зев
донесение,упрочение
наезд,флюид
эзотерический,нерукотворный
подступ,смак
искренность,брошь
пирс,галлон
депозит,студень
светового,околоземного
жестокость,корь
повязка,абсорбция
эталон,морс
сердобольный,неразговорчивый
небрежный,неукоснительный
простенький,крахмальный
станок,аммиак
ссадина,ливрея
осетинский,однорукий
сценический,тлетворный
переменный,боязливый
непослушный,бездыханный
истребление,стропило
дальность,отповедь
сионистский,сухощавый
экспедиционный,эмалированный
фейерверк,каннибализм
кондиционер,метастаз
содержимое,орошение
крупномасштабный,старушечий
именины,надменность
паша,косуля
курортный,сосредоточенный
оптимистический,петушиный
интегральный,бесполый
откровение,конфуцианство
фиктивный,изношенный
квитанция,тщета
инертный,промысловый
продолжение,придыхание
приживаться,отмечаться
форточка,ужимка
мыльный,удмуртский
рама,отара
беспрецедентный,мертвенный
хищный,злорадный
припев,тын
азбука,усобица
семантический,расширенный
порождение,озеленение
знание,воеводство
гипс,посул
заботливый,нечастый
клок,чертополох
повинный,кабардинский
держава,кувшинка
показание,сопло
бабушка,выдра
порция,хунта
завал,префикс
изолированный,рьяный
дворик,навет
сотка,година
богатырский,импозантный
ленточка,профессура
афиша,халва
численный,уклончивый
сближение,мусульманство
словосочетание,решето
ничтожный,согласованный
гимназический,невоспитанный
прицел,кобальт
ринг,статут
чиновничий,разгневанный
консоль,жизненность
посев,медосмотр
гамма,дистрофия
плацдарм,ребус
распорядок,аэрозоль
смазка,подкормка
наклонный,шероховатый
вылет,неон
хулиганский,испорченный
прививка,борона
ненавистный,ионный
профессионал,спаниель
двойственный,разрешимый
новелла,экзема
бандитский,ребячий
преступник,фазан
свод,анабиоз
ореховый,уравновешенный
передвижение,здравомыслие
покорный,ворчливый
гонорар,мушкет
негодный,ясновидящий
запасом,радием
храбрость,машинопись
ситцевый,пустячный
бессознательный,флегматичный
фреска,желтуха
трубопровод,вермут
судорога,астра
ниточка,аорта
избивать,ужесточать
товарищ,пикетчик
пассивный,безотказный
выговор,грейпфрут
поганый,калмыцкий
постель,хоругвь
подтянутый,индоевропейский
квадрат,инжир
мазь,упряжь
свист,солод
образный,одноногий
нотный,прославленный
вдова,куница
банальность,специфичность
степной,младой
волчий,суховатый
внешность,окаменелость
продажный,лимфатический
пригородный,присутственный
бюллетень,пестик
бездарный,безосновательный
грот,контрабас
проституция,абракадабра
просмотр,кулуары
вязкий,одинарный
находчивый,антиамериканский
сквозняк,початок
натиск,сельдерей
соседский,вьючный
ученический,внутривенный
дымовой,лепной
прямоугольный,существительный
игривый,безвозвратный
биографический,подветренный
заседание,забрало
комикс,адюльтер
капот,ингибитор
клубок,шпинат
каторжный,маринованный
рейс,космополитизм
неспешный,выжидательный
преграда,мирра
проницательный,пессимистичный
яичко,искусствоведение
панцирь,зефир
невыполнимый,льстивый
исполнительский,распутный
неистребимый,сирый
лошадиный,курительный
фестивальный,мозолистый
участница,заявительница
бездушный,буквенный
угловатый,коллегиальный
небритый,увечный
обитание,кипячение
доверенность,кислотность
рваный,плаксивый
написание,культивирование
ведомость,вермишель
беззубый,лесбийский
безвредный,никелированный
завершение,папство
сжатие,сгущение
ярлык,троцкизм
совокупность,обрядность
синева,физиотерапия
дохлый,босоногий
англичанин,шавка
тележка,магма
худенький,бухарский
бессрочный,альтруистический
кукурузный,необработанный
сбой,дукат
компетентный,взволнованный
монетка,фантасмагория
шейный,уничижительный
вексель,дубок
оклад,бивень
доктор,лемур
учитель,снеговик
уйма,патетика
миска,теософия
замочный,бобовый
пассажир,неуч
барский,обольстительный
дружина,инсинуация
прибавка,деспотия
метеорологи,ковры
хронологический,беспошлинный
жилет,намаз
разворачивать,отчуждать
гранитный,хлопотливый
обоснованный,полузабытый
типовой,многоцелевой
телеэкран,нефрит
питомник,авантюризм
инвестиция,галера
лидерство,молозиво
звучащий,непромокаемый
передышка,метрология
зажигательный,герметический
реквизит,гамбит
палка,гонорея
выборка,лесопилка
дочка,каракатица
жаргон,холодец
вакуум,спринт
свидетель,подкидыш
лабиринт,кумыс
лицей,твист
ориентация,вагонетка
пленительный,древовидный
пресный,алгоритмический
безвыходный,затылочный
корреспонденция,милитаризация
постановка,рессора
пологий,маньчжурский
флакон,боярышник
баскетбольный,сговорчивый
проступок,домкрат
внук,москит
комендантский,подавленный
затейливый,расслабленный
самовар,аккредитив
усик,педикюр
корзинка,электротехника
унитаз,имбирь
слезоточивый,словообразовательный
пробел,тропик
живность,уместность
колебание,злато
отрывок,злотый
татуировка,ежевика
исполнитель,гепард
аспирантура,акробатика
щелчок,гербарий
созвучный,трубчатый
грим,подорожник
курчавый,неотступный
непреложный,подрядный
подвластный,сыновний
бриллиантовый,взбалмошный
анимация,муфта
заячий,несговорчивый
заплаканный,изобильный
девушка,антилопа
бесстыжий,наветренный
акцент,тромб
индейский,бронебойный
забвение,сочленение
моряк,дикобраз
подружка,малиновка
ангел,гиппопотам
возведение,проворство
вентиляционный,родословный
публицистика,дамка
кленовый,абрикосовый
бисер,грешок
застава,каллиграфия
справочник,квазар
неподходящий,встревоженный
обходительный,ребяческий
фишка,этиология
бамбуковый,болезнетворный
рубрика,спаржа
гормональный,лесопильный
лавина,подагра
многообещающий,бракоразводный
двухлетний,продуманный
царь,сиг
зодиак,санскрит
общедоступный,делимый
дьявол,сыч
губернатор,русак
опровержение,завихрение
пазуха,стратосфера
живость,иконопись
костяной,броневой
избрание,бахвальство
штатский,преодолимый
изящество,кровосмешение
макет,оползень
бессмертный,потрясный
матросский,превратный
брезентовый,ультраправый
девичий,апатичный
бульварный,перистый
гусли,преемственность
выставка,недоимка
наступление,пресмыкающееся
окоп,слалом
пустырь,синус
путешествие,долготерпение
епархиальный,односложный
кабак,монотеизм
годный,бирманский
буфет,сфинктер
воспроизводство,прикрепление
заключительный,заброшенный
продление,подстрекательство
риторический,единогласный
жительство,антивещество
вопросительный,устарелый
прах,крокус
кредиторский,беспрестанный
госпожа,непоседа
разум,германий
белокурый,старославянский
стеснительный,алжирский
протокольный,неустрашимый
мелочь,беспристрастность
военкомат,лейкоз
склеп,медяк
неразборчивый,участливый
русло,приборостроение
пневматический,чудаковатый
парафин,клитор
лисий,соизмеримый
куцый,именительный
женственность,наледь
тройка,палеонтология
певица,макака
пила,психопатология
электричество,неподчинение
разрушение,сродство
ноутбук,рудимент
погреб,агностицизм
липа,катаракта
сержант,мастодонт
безналичный,палеонтологический
подвиг,мусс
заряд,марганец
плот,спич
школьник,бекас
лорд,бурундук
министерство,умопомрачение
необозримый,высокохудожественный
пришлый,церковнославянский
добавление,перенаселение
невзрачный,щучий
поводок,позитрон
резонанс,акведук
антибиотик,глицерин
самодовольный,бесповоротный
реферат,дециметр
хоровод,хрящ
стенной,вихревой
запущенный,проходимый
отпечаток,атолл
состоятельный,эпидемический
чехол,планктон
профессорский,уменьшительный
примесь,непорочность
правка,мазурка
новизна,шарада
самовольный,чинный
спичка,оливка
раздолье,капище
стычка,коврижка
жанровый,проверенный
падение,многословие
преувеличивать,растапливать
приключенческий,эпидемиологический
транс,буй
ответ,лесопарк
треугольник,муссон
ревизия,алебарда
любитель,павиан
царственный,готский
универмаг,зачин
пониженный,завершающий
урожай,молибден
ажиотаж,дольмен
уклон,дефис
ужасающий,скованный
разработчик,пескарь
противоречие,безветрие
трогательный,подобострастный
эскиз,тезаурус
тяготение,черчение
упитанный,межгалактический
повадка,краснуха
стержень,базальт
табак,эдельвейс
колосс,гнус
защита,рокировка
строфа,бадья
беленький,игристый
багажник,инфинитив
лексический,туземный
мексиканский,быстроходный
верхушка,осанна
петля,сардина
созидательный,полированный
тыква,переменка
типография,азалия
полковник,аллигатор
заокеанский,изнеженный
сумрак,неф
полянка,пиротехника
немногословный,неодобрительный
графический,амурный
осадок,амвон
жезл,кильватер
терапевтический,компанейский
предрассудок,ятаган
каблук,авиаотряд
внезапность,пропорциональность
колокольчик,вотум
баллон,обтекатель
колодец,нарзан
обаятельный,методичный
регистрационный,модальный
древесина,лемма
множественный,боснийский
походный,вогнутый
комплимент,метан
каталог,гербицид
майорат,мюзикл
лупа,подноготная
веник,пантеизм
деньжата,румяна
коммуникативный,обшарпанный
путаница,тренога
мучение,каление
тетрадка,драхма
аквариум,нокдаун
инструментальный,аэробный
авангард,азимут
комплект,оникс
полицейского,зяблик
вымысел,асбест
отделка,запеканка
рудник,вольфрам
бред,фокстрот
диагностический,синеглазый
комбинезон,надир
переподготовка,простокваша
полиэтиленовый,пробковый
темпераментный,членораздельный
рвота,военщина
раскрытие,вегетарианство
близорукий,словенский
перестрелка,аллитерация
стрижка,мошкара
усердие,фермерство
автотранспорт,абрис
правдивость,вменяемость
галстук,дубляж
улика,мортира
возбудитель,дарвинист
шифр,зуммер
дворец,заморозок
лай,полиомиелит
велосипедный,безотрадный
чаепитие,поветрие
костыль,антиген
дрожь,латунь
соломенный,глумливый
замешательство,обожествление
отдача,баллистика
маловажный,тяговый
сладость,перегруз
закрепление,приписывание
напор,антитезис
кулиса,теократия
очаг,сидр
кассационный,многоязычный
вокзальный,разнузданный
проверка,лимфа
лидер,басмач
колбасный,докучливый
диаграмма,барщина
добавочный,солоноватый
перераспределение,крошево
подлый,собственноручный
немец,ибис
девка,настоятельница
коренастый,безволосый
буфетчик,вологжанин
безоружный,винодельческий
объект,баобаб
презерватив,мальчишник
мамаша,жадина
полоска,утайка
бильярд,панегирик
разгрузка,анаграмма
выезд,ильм
полумрак,мартиролог
мозоль,недействительность
машинописный,грудастый
придорожный,мясницкий
спектральный,неподатливый
жалобный,озадаченный
зрелость,проницаемость
оговорка,европеизация
фиксация,автобаза
скорлупа,диффамация
неглупый,пресноводный
священник,палтус
косяк,реагент
интрига,конка
астрология,пуховка
пшеничный,голосистый
эстрада,титька
кладбище,вече
шерсть,абстрактность
набожность,изморозь
капустный,аристократичный
каток,энцефалит
модельный,уйгурский
спецификация,росомаха
жгучий,укоризненный
выступ,стейк
нерушимый,благовонный
кот,библиофил
аптечный,непреднамеренный
предосудительный,санскритский
лицевой,буровой
гибельный,всевидящий
фигня,требуха
косметика,аннигиляция
малыш,негритос
обход,лимфоцит
