source,target
организацию,проблему
организация,проблема
великая,нужная
великий,нужный
сообщение,чувство
сообщения,чувства
телефон,интерес
телефона,интереса
класс,бизнес
класса,бизнеса
огромная,близкая
огромный,близкий
рост,смысл
росту,смыслу
похожая,необходимая
похожий,необходимый
предмет,разговор
предмета,разговора
ног,степеней
ногой,степенью
территорию,армию
территория,армия
институт,успех
института,успеха
лучшая,способная
лучший,способный
судьба,фирма
судьбу,фирму
картина,неделя
картину,неделю
тема,половина
тему,половину
научная,известная
научный,известный
широкая,высокая
широкий,высокий
счастья,письма
страшная,нормальная
страшный,нормальный
равное,единое
равный,единый
попытка,граница
попытку,границу
событие,здание
события,здания
поиск,май
поиска,мая
открытая,реальная
открытый,реальный
списка,анализа
список,анализ
теорию,функцию
теория,функция
удовольствие,тело
удовольствия,тела
чужая,международная
чужое,международное
радости,вести
старшая,красивая
старший,красивый
боевая,экономическая
боевое,экономическое
здоровью,использованию
здоровья,использования
сайт,километр
сайта,километра
собак,личностей
собакой,личностью
банк,регион
банка,региона
секунда,победа
секунду,победу
создание,множество
создания,множества
качество,ухо
качеством,ухом
утра,занятия
утро,занятие
основная,соответствующая
основное,соответствующее
удар,сентябрь
удара,сентября
состав,университет
состава,университета
внутренний,глубокий
внутренняя,глубокая
принцип,автомобиль
принципа,автомобиля
игра,деревня
игру,деревню
ответ,фонд
ответа,фонда
обстоятельства,солнца
обстоятельством,солнцем
последний,федеральный
последняя,федеральная
связи,федерации
связью,федерацией
рождение,отсутствие
рождения,отсутствия
внешний,значительный
внешняя,значительная
позицию,рекламу
позиция,реклама
желание,усилие
желания,усилия
комиссию,традицию
комиссия,традиция
конкретная,массовая
конкретный,массовый
понятное,женское
понятный,женский
карта,сотня
карту,сотню
большая,мелкая
больший,мелкий
средство,применение
средству,применению
правительства,настроения
правительство,настроение
технологию,планету
технология,планета
сравнение,поколение
сравнения,поколения
знак,организм
знака,организма
образование,достижение
образования,достижения
бутылка,реакция
бутылку,реакцию
собственная,прежняя
собственный,прежний
договор,музей
договора,музея
улыбка,сфера
улыбку,сферу
высшая,сегодняшняя
высший,сегодняшний
политическая,активная
политический,активный
искусства,помещения
искусство,помещение
приятная,опасная
приятный,опасный
электронная,дополнительная
электронный,дополнительный
материал,комитет
материала,комитета
вариант,экран
варианта,экрана
полезная,традиционная
полезный,традиционный
доллар,комплекс
доллара,комплекса
звук,бюджет
звука,бюджета
музыкой,потребностью
документ,храм
документа,храма
разная,горячая
разный,горячий
ноябрь,капитал
ноября,капитала
июль,конкурс
июля,конкурса
подобная,точная
подобный,точный
риск,аппарат
риска,аппарата
маленькая,восточная
маленький,восточный
медицинская,северная
медицинский,северный
компанию,эпоху
компания,эпоха
точка,перспектива
точку,перспективу
обычная,эффективная
обычный,эффективный
линию,водку
линия,водка
повышение,заявление
повышению,заявлению
истинная,официальная
истинный,официальный
предложение,мероприятие
предложению,мероприятию
сомнение,обсуждение
сомнения,обсуждения
связанная,южная
связанный,южный
база,реформа
базу,реформу
сожаление,задание
сожаления,задания
древний,свежий
древняя,свежая
помощи,обязанности
помощь,обязанность
боль,действительность
болью,действительностью
войско,чтение
торговлю,лестницу
торговля,лестница
лодка,беседа
лодку,беседу
оборудование,давление
оборудования,давления
мягкий,жизненный
мягкое,жизненное
тихая,ценная
тихий,ценный
ближайшее,острое
ближайший,острый
зона,поездка
зону,поездку
вход,разум
входа,разума
современная,удивительная
современный,удивительный
вывод,танк
вывода,танка
категорию,зарплату
категория,зарплата
зритель,брат
зрителя,брата
собрание,законодательство
собранию,законодательству
историческая,обратная
исторический,обратный
финансовая,толстая
финансовый,толстый
уверенные,ужасные
уверенный,ужасный
инструмент,кризис
инструмента,кризиса
единственная,дикая
единственный,дикий
республика,характеристика
республику,характеристику
контроль,минимум
контроля,минимума
рисунка,эксперимента
рисунок,эксперимент
газета,покупка
газету,покупку
предыдущая,генеральная
предыдущий,генеральный
экономика,погода
экономику,погоду
адрес,сюжет
адресу,сюжету
толпа,тенденция
толпу,тенденцию
система,атака
систему,атаку
сексуальная,верхняя
сексуальный,верхний
назначение,озеро
назначению,озеру
положительная,практическая
положительный,практический
перед,статус
красота,тюрьма
красоту,тюрьму
вечное,доступное
вечный,доступный
слабая,независимая
слабый,независимый
объяснение,ограничение
объяснения,ограничения
гор,трудностей
горами,трудностями
площадка,серия
площадку,серию
виноватого,существенного
виноватый,существенный
слеза,температура
слезу,температуру
камера,цивилизация
камеру,цивилизацию
крупная,денежная
крупный,денежный
замечательная,редкая
замечательный,редкий
крайний,юридический
крайняя,юридическая
центр,стакан
центра,стакана
продажа,демократия
продажу,демократию
путешествие,стремление
путешествия,стремления
отказ,флот
отказа,флота
лишнее,популярное
лишний,популярный
государство,мышление
государству,мышлению
защита,суббота
защиту,субботу
физическая,очевидная
физический,очевидный
фраза,академия
фразу,академию
период,коллектив
периода,коллектива
живот,дворец
животе,дворце
культурная,деревянная
культурный,деревянный
профессию,логику
профессия,логика
длинная,школьная
длинный,школьный
яркая,космическая
яркий,космический
основание,приложение
основании,приложении
местная,грязная
местный,грязный
проверка,пятница
проверку,пятницу
убийства,кольца
убийство,кольцо
общая,обязательная
общий,обязательный
одинаковое,сельское
одинаковый,сельский
техническая,строгая
технический,строгий
знаменитая,противоположная
знаменитый,противоположный
достойное,ядерное
достойный,ядерный
кровати,подробности
кровать,подробность
мировая,уникальная
мировое,уникальное
партии,эмоции
партия,эмоция
декабрь,транспорт
декабря,транспорта
литературная,воздушная
литературный,воздушный
килограмм,штаб
килограмма,штаба
коридор,экзамен
коридора,экзамена
опытом,менеджером
опыту,менеджеру
способностей,инвестиций
способности,инвестиции
невозможное,успешное
невозможный,успешный
мощная,вынужденная
мощный,вынужденный
идею,атмосферу
идея,атмосфера
ума,офиса
уме,офисе
языках,архивах
языке,архиве
естественное,неприятное
естественный,неприятный
детский,программный
детское,программное
закон,океан
закона,океана
морская,налоговая
морское,налоговое
изменение,сохранение
изменения,сохранения
информацию,стадию
информация,стадия
младшая,летняя
младший,летний
раннее,интеллектуальное
ранний,интеллектуальный
злая,абсолютная
злое,абсолютное
рубль,семинар
рубля,семинара
текст,вуз
текста,вуза
запад,сбор
запада,сбора
профессиональное,мирное
профессиональный,мирный
сознание,колесо
сознании,колесе
недостатка,двигателя
недостаток,двигатель
творческий,длительный
творческое,длительное
дождь,талант
дождя,таланта
средний,стратегический
средняя,стратегическая
производство,сообщество
производству,сообществу
особая,рыночная
особый,рыночный
ресторан,код
ресторана,кода
югом,экипажем
югу,экипажу
структура,ассоциация
структуру,ассоциацию
стоимостью,ракетой
социальная,привычная
социальный,привычный
праздник,маршрут
праздника,маршрута
центральная,необычная
центральный,необычный
психологическая,демократическая
психологический,демократический
трудная,бесплатная
трудный,бесплатный
автобус,аргумент
автобуса,аргумента
страница,нужда
страницу,нужду
европейская,существующая
европейский,существующий
сценарий,уход
сценария,ухода
круглое,промышленное
круглый,промышленный
опасностей,бомб
опасностью,бомбой
польза,башня
пользу,башню
классический,верховный
классическое,верховное
обеспечение,поражение
обеспечения,поражения
дальнейшая,административная
дальнейший,административный
ремонт,диалог
ремонта,диалога
энергию,карточку
энергия,карточка
январь,кодекс
января,кодекса
мобильная,аналогичная
мобильный,аналогичный
номер,препарат
номером,препаратом
роман,сезон
романа,сезона
бывшая,самостоятельная
бывший,самостоятельный
небо,рассмотрение
небу,рассмотрению
судебная,всеобщая
судебный,всеобщий
компьютер,вызов
компьютера,вызова
обязательства,указания
обязательство,указание
грязь,активность
грязью,активностью
возраст,протокол
возраста,протокола
быстрая,минимальная
быстрый,минимальный
пример,мороз
примера,мороза
достаточные,партийные
достаточный,партийный
максимальная,нервная
максимальный,нервный
различий,тест
нежная,скромная
нежный,скромный
прошлой,заметной
прошлый,заметный
выступление,воображение
выступлении,воображении
родная,грубая
родные,грубые
нижний,германский
нижняя,германская
характерная,разнообразная
характерный,разнообразный
окружающая,глобальная
окружающий,глобальный
регистрацию,битву
регистрация,битва
корабль,потенциал
корабля,потенциала
правильная,ответственная
правильный,ответственный
дискуссию,палатку
дискуссия,палатка
наличие,столетие
наличия,столетия
октябрь,жанр
октября,жанра
дальний,зимний
дальняя,зимняя
публикацию,трагедию
публикация,трагедия
священного,тайного
священный,тайный
станцию,частоту
станция,частота
контекст,четверг
контекста,четверга
соответствие,финансирование
соответствия,финансирования
кампанию,идеологию
кампания,идеология
оплата,скала
оплаты,скалы
участка,вторника
участок,вторник
духовная,искусственная
духовный,искусственный
горные,крупнейшие
горный,крупнейший
налог,учебник
налога,учебника
уверенность,готовность
уверенностью,готовностью
личная,потенциальная
личный,потенциальный
паспорт,идеал
паспорту,идеалу
стратегию,конкуренцию
стратегия,конкуренция
камень,парламент
камня,парламента
соревнование,убеждение
соревнований,убеждений
беда,роза
беду,розу
странное,приличное
странный,приличный
рамка,пенсия
рамок,пенсий
восстановление,телевидение
восстановления,телевидения
значение,единство
значения,единства
сумка,статистика
сумку,статистику
намерение,десятилетие
намерении,десятилетии
достоинства,известия
достоинство,известие
смешное,печальное
смешные,печальные
существование,улучшение
существования,улучшения
требование,яблоко
требованием,яблоком
завод,прогресс
завода,прогресса
схема,корпорация
схему,корпорацию
ресурс,миф
ресурса,мифа
жалоба,дисциплина
жалобу,дисциплину
воспитание,потребление
воспитания,потребления
ответственности,подписи
ответственность,подпись
музыкальная,инвестиционная
музыкальный,инвестиционный
результат,авторитет
результата,авторитета
честное,экологическое
честный,экологический
лошадей,невест
лошадьми,невестами
файл,вклад
файла,вклада
нарушение,соображение
нарушения,соображения
предел,металл
предела,металла
производственная,неправильная
производственный,неправильный
деловая,теоретическая
деловые,теоретические
лабораторию,катастрофу
лаборатория,катастрофа
взаимодействие,окружение
взаимодействия,окружения
стандартная,справедливая
стандартный,справедливый
последующее,окончательное
последующий,окончательный
генералом,пожаром
генералу,пожару
малейшее,критическое
малейший,критический
уголовное,негативное
уголовный,негативный
форум,прогноз
форума,прогноза
железная,публичная
железный,публичный
истина,миссия
истину,миссию
работа,тонна
работу,тонну
вокзал,сахар
вокзале,сахаре
трубка,эволюция
трубку,эволюцию
типичная,удачная
типичный,удачный
гарантию,пустыню
гарантия,пустыня
обида,нагрузка
обиду,нагрузку
преимущества,сочетания
преимущество,сочетание
последствие,вооружение
последствия,вооружения
космос,гнев
космоса,гнева
концепцией,слабостью
каменное,недавнее
каменный,недавний
спина,долина
спину,долину
соседние,своеобразные
соседний,своеобразный
имущество,установление
имуществу,установлению
совместная,благородная
совместный,благородный
кресло,познание
креслу,познанию
иностранные,муниципальные
иностранный,муниципальный
сумасшедшие,эмоциональные
сумасшедший,эмоциональный
народная,мрачная
народный,мрачный
природная,виртуальная
природный,виртуальный
душевная,тесная
душевный,тесный
авторский,громкий
авторское,громкое
городская,базовая
городские,базовые
спокойная,электрическая
спокойный,электрический
еврейский,гигантский
еврейское,гигантское
материальная,дурная
материального,дурного
металлическая,вредная
металлический,вредный
западная,технологическая
западный,технологический
соглашение,блюдо
соглашения,блюда
операцию,поставку
операция,поставка
умная,закрытая
умный,закрытый
преступление,размышление
преступления,размышления
верная,математическая
верный,математический
узел,указ
узлом,указом
игрушка,община
игрушку,общину
обязанные,актуальные
обязанный,актуальный
легенда,замена
легенды,замены
сложная,образовательная
сложный,образовательный
ощущение,расследование
ощущению,расследованию
влияние,соотношение
влияния,соотношения
темнота,проза
темноту,прозу
администрацию,поправку
администрация,поправка
облако,взаимоотношение
облаков,взаимоотношений
мнение,укрепление
мнения,укрепления
больница,пещера
больницу,пещеру
философские,энергетические
философский,энергетический
частная,всемирная
частный,всемирный
торговая,совершенная
торговый,совершенный
коммерческая,талантливая
коммерческий,талантливый
напитка,матча
напиток,матч
дыхание,подтверждение
дыхания,подтверждения
ручка,элита
ручку,элиту
семейная,любопытная
семейный,любопытный
мудро,решительно
министерства,послания
министерство,послание
радость,весть
фронт,склон
фронта,склона
зрение,любопытство
зрения,любопытства
элемент,ритм
элемента,ритма
интернет,нерв
интернета,нерва
журналист,гений
журналиста,гения
пулю,державу
пуля,держава
голое,радостное
голый,радостный
исходная,наибольшая
исходный,наибольший
бедное,ограниченное
бедный,ограниченный
сплошная,бытовая
сплошной,бытовой
запрет,домик
запрета,домика
постоянная,бюджетная
постоянный,бюджетный
рекламное,повышенное
рекламный,повышенный
дума,валюта
думу,валюту
банковская,системная
банковский,системный
сухого,неизбежного
сухое,неизбежное
культура,куртка
культуру,куртку
скорое,ровное
скорый,ровный
сказка,копейка
сказки,копейки
словарь,чемодан
словаря,чемодана
сражение,отчаяние
сражения,отчаяния
цикл,фрагмент
цикла,фрагмента
отличие,семейство
отличий,семейств
остатка,социализма
остаток,социализм
резкая,благоприятная
резкий,благоприятный
введение,равновесие
введения,равновесия
союзе,следователе
союзу,следователю
ожидание,посольство
ожидании,посольстве
новость,производительность
новостью,производительностью
надежда,консультация
надежду,консультацию
перевод,платок
перевода,платка
революционные,таинственные
революционный,таинственный
индивидуальная,коллективная
индивидуальный,коллективный
уважаемого,биологического
уважаемый,биологический
химическая,посторонняя
химический,посторонний
волшебные,грустные
волшебный,грустный
взаимная,либеральная
взаимный,либеральный
христианская,обширная
христианский,обширный
формула,выплата
формулу,выплату
секс,снимок
секса,снимка
процедура,ложка
процедуру,ложку
действие,топливо
действием,топливом
явная,бессмысленная
явный,бессмысленный
юные,строительные
юный,строительный
фамилию,монету
фамилия,монета
училища,несчастья
училище,несчастье
позднее,специфическое
поздний,специфический
продукт,вирус
продукта,вируса
опытные,бурные
опытный,бурный
салон,минус
салоном,минусом
компонент,резерв
компонента,резерва
беременности,морали
беременность,мораль
взгляд,тариф
взгляда,тарифа
полковник,робот
полковника,робота
жест,локоть
жестом,локтем
противоречие,регулирование
противоречии,регулировании
коммунистическая,формальная
коммунистический,формальный
издательство,привлечение
издательством,привлечением
департамент,чемпионат
департамента,чемпионата
единица,доставка
единицу,доставку
вера,гипотеза
веру,гипотезу
эксплуатацию,колонию
эксплуатация,колония
блок,лозунг
блока,лозунга
следствие,страхование
следствию,страхованию
важная,принципиальная
важный,принципиальный
проект,турнир
проекта,турнира
комментарий,грузовик
комментария,грузовика
определение,болото
определения,болота
переход,интеллект
перехода,интеллекта
балкон,перечень
балкона,перечня
претензий,рас
претензия,раса
философию,крышку
философия,крышка
июнь,желудок
июня,желудка
крыша,тактика
крышу,тактику
универсальные,стеклянные
универсальный,стеклянный
бесконечные,чеченские
бесконечный,чеченский
этаж,тезис
этажа,тезиса
учебные,значимые
учебный,значимый
величина,компенсация
величину,компенсацию
количество,христианство
количеству,христианству
церковь,медаль
церковью,медалью
воспоминание,ведомство
воспоминанием,ведомством
письменная,педагогическая
письменный,педагогический
первоначальная,правительственная
первоначальный,правительственный
отель,развод
отеля,развода
подходящее,безопасное
подходящий,безопасный
муха,девочка
муху,девочку
туалет,капитализм
туалета,капитализма
громадная,весенняя
громадный,весенний
корпоративные,фантастические
корпоративный,фантастический
исполнительные,кредитные
исполнительный,кредитный
разница,картошка
разницу,картошку
готовое,загадочное
готовый,загадочный
рубеж,конгресс
рубежа,конгресса
остальная,идеологическая
термин,штраф
термина,штрафа
торжественная,испанская
торжественный,испанский
мудрый,решительный
присущее,прошедшее
присущий,прошедший
палец,приоритет
пальца,приоритета
нож,бензин
ножа,бензина
возможного,ленинградского
возможный,ленинградский
страдание,вмешательство
страдания,вмешательства
жуткая,элементарная
жуткий,элементарный
подразделение,усиление
подразделения,усиления
симпатичная,турецкая
симпатичный,турецкий
незначительное,неверное
незначительный,неверный
узкий,незаконный
узкое,незаконное
густая,президентская
густые,президентские
несчастная,исключительная
несчастный,исключительный
отрасли,национальности
отрасль,национальность
радиостанций,церемоний
радиостанция,церемония
постановление,возбуждение
постановления,возбуждения
конфликт,экспорт
конфликта,экспорта
оперативная,худшая
оперативный,худший
нравственная,конституционная
нравственный,конституционный
очереди,стабильности
очередь,стабильность
позитивная,альтернативная
позитивный,альтернативный
глухим,функциональным
глухих,функциональных
пустота,интерпретация
пустоту,интерпретацию
предположение,железо
предположения,железа
пьяного,целевого
пьяные,целевые
удовлетворение,разнообразие
удовлетворением,разнообразием
колонн,травм
колонну,травму
искренний,скучный
искренняя,скучная
премию,интеллигенцию
премия,интеллигенция
отечественное,полноценное
отечественный,полноценный
ванна,речка
ванну,речку
зависимости,совокупности
зависимость,совокупность
приглашение,величество
запаса,диагноза
запасом,диагнозом
передача,иллюстрация
передачей,иллюстрацией
вино,возрождение
вину,возрождению
всевозможные,сотовые
всевозможный,сотовый
пачка,интеграция
пачку,интеграцию
забавная,гуманитарная
забавный,гуманитарный
важнейшее,решающее
важнейший,решающий
выбор,ноготь
мяч,инстинкт
совет,топор
совета,топора
предприятие,воплощение
предприятия,воплощения
грамм,ремень
грамма,ремня
подъезд,коммунизм
подъезда,коммунизма
солидную,наилучшую
солидный,наилучший
римские,подземные
римский,подземный
объективная,нелепая
объективный,нелепый
хор,индекс
хора,индекса
акт,сосуд
акта,сосуда
дневник,хаос
дневника,хаоса
противное,трагическое
противный,трагический
мышц,реплик
мышца,реплика
сектор,ритуал
сектору,ритуалу
ступени,вечности
ступень,вечность
предварительная,организационная
предварительный,организационный
февраль,дефицит
февраля,дефицита
спокойствие,поддержание
спокойствия,поддержания
данные,программирование
данным,программированию
холодильник,сеанс
холодильники,сеансы
внимательного,телевизионного
внимательный,телевизионный
преобразование,освоение
преобразования,освоения
вечерний,относительный
вечерняя,относительная
контракт,кирпич
контракта,кирпича
грань,невозможность
гранью,невозможностью
зарубежные,механические
зарубежный,механический
принятие,раздражение
принятием,раздражением
одежда,инфляция
одежду,инфляцию
религиозное,локальное
религиозный,локальный
аренда,ширина
аренду,ширину
редакцию,модернизацию
редакция,модернизация
рецепт,митинг
рецепта,митинга
сестра,поэма
атомная,газовая
атомный,газовый
конференцию,орбиту
конференция,орбита
руль,суп
руля,супа
знание,объятие
знания,объятия
направление,разочарование
направлению,разочарованию
столкновении,оке
столкновению,ока
лечение,совершенствование
лечения,совершенствования
земельные,прочные
земельный,прочный
подарка,фильтра
подарок,фильтр
разрешение,мужество
разрешения,мужества
прозрачные,стабильные
прозрачный,стабильный
обыкновенного,жирного
обыкновенный,жирный
гордые,гладкие
гордый,гладкий
областная,адекватная
областного,адекватного
танковые,таможенные
танковый,таможенный
детали,продолжительности
деталь,продолжительность
украшение,предпочтение
украшения,предпочтения
галерею,депрессию
галерея,депрессия
источник,овощ
источники,овощи
пособие,сновидение
пособий,сновидений
ясные,виновные
ясный,виновный
изображение,проживание
изображения,проживания
отряд,симптом
отряда,симптома
видное,болезненное
видный,болезненный
том,терроризм
тому,терроризму
разведка,делегация
разведкой,делегацией
фотографий,окраин
фотография,окраина
железнодорожные,потребительские
железнодорожный,потребительский
конечная,парламентская
конечный,парламентский
товарного,деревенского
товарный,деревенский
тарелка,нота
тарелке,ноте
бригада,альтернатива
бригаду,альтернативу
выставка,героиня
выставку,героиню
жестокий,перспективный
жестокое,перспективное
подбородке,гараже
подбородок,гараж
журнал,ген
журнала,гена
невероятное,преступное
невероятный,преступный
терпение,крыльцо
терпения,крыльца
жаркий,комплексный
жаркой,комплексной
нефтяная,звуковая
нефтяной,звуковой
транспортная,чудовищная
транспортный,чудовищный
снижение,совершение
снижения,совершения
происхождение,недоумение
происхождении,недоумении
разумное,армейское
разумный,армейский
арабский,неизменный
арабской,неизменной
оппозицию,винтовку
оппозиция,винтовка
земного,долгосрочного
земную,долгосрочную
баланс,сюрприз
балансом,сюрпризом
колхоз,довод
колхозы,доводы
увлечение,окошко
драгоценные,аналитические
драгоценный,аналитический
цифра,паника
цифру,панику
бесполезный,осторожный
бесполезными,осторожными
моральное,этническое
моральный,этнический
механизм,плакат
механизме,плакате
скандал,заработок
скандала,заработка
разорвать,угадать
вещества,восстания
вещество,восстание
вечеринка,дверца
вечеринки,дверцы
символ,импульс
символа,импульса
препятствие,приготовление
препятствия,приготовления
ограничивается,сопровождается
ограничиваться,сопровождаться
субъективная,убитая
субъективный,убитый
отпуск,убыток
отпусков,убытков
рассказ,энтузиазм
рассказа,энтузиазма
месяц,допрос
месяца,допроса
виска,ислама
висок,ислам
точность,неожиданность
точностью,неожиданностью
подробное,недостаточное
подробный,недостаточный
республиканский,смертельный
республиканского,смертельного
гражданская,чрезвычайная
гражданский,чрезвычайный
классная,защитная
классный,защитный
протяжение,равенство
протяжении,равенстве
формат,культ
формата,культа
благе,писании
итог,континент
итога,континента
коренное,встречное
коренному,встречному
шанс,бомбардировщик
шанса,бомбардировщика
подлинное,агрессивное
подлинный,агрессивный
отвратительная,индийская
отвратительный,индийский
текущее,колоссальное
текущий,колоссальный
ошибка,перчатка
ошибку,перчатку
ложная,предельная
ложный,предельный
расстояние,прибытие
расстояния,прибытия
провинцию,формулировку
провинция,формулировка
борода,аналогия
бородой,аналогией
понимание,содействие
понимания,содействия
экспертиза,колбаса
экспертизе,колбасе
записка,корзина
записку,корзину
ночная,фактическая
ночное,фактическое
версию,иерархию
версия,иерархия
объект,стресс
объекта,стресса
очередная,экспериментальная
очередные,экспериментальные
воскресенье,полотенце
самоубийства,изложения
самоубийство,изложение
великолепное,цивилизованное
великолепный,цивилизованный
молочного,невысокого
молочный,невысокий
горький,последовательный
горького,последовательного
группировка,статуя
группировки,статуи
госпиталь,распад
госпиталя,распада
отверстие,прекращение
отверстия,прекращения
куча,грамота
кучи,грамоты
милицию,химию
милиция,химия
внимание,тысячелетие
максимум,стыд
максимума,стыда
мокрые,автономные
мокрый,автономный
доказательства,совпадения
доказательство,совпадение
революцию,мотивацию
революция,мотивация
восторг,марш
восторга,марша
зле,оказании
злу,оказанию
фестиваль,колледж
фестиваля,колледжа
фашистский,новогодний
фашистское,новогоднее
регулярное,грандиозное
регулярный,грандиозный
эпизод,клан
эпизоды,кланы
оценка,сосна
оценку,сосну
спортивная,валютная
спортивный,валютный
климат,выезд
климата,выезда
шапка,классификация
шапкой,классификацией
частей,деклараций
части,декларации
неудачная,интенсивная
неудачный,интенсивный
уважение,превосходство
уважения,превосходства
гордости,челюсти
гордость,челюсть
статья,интонация
статьях,интонациях
канал,стереотип
каналы,стереотипы
упоминание,расстройство
упоминания,расстройства
лекцию,диссертацию
лекция,диссертация
спектр,взвод
спектра,взвода
общение,преодоление
общению,преодолению
композицию,поляну
композиция,поляна
надписи,занятости
надпись,занятость
приятель,гоголь
приятеля,гоголя
интуиции,гвардии
интуиция,гвардия
набор,стимул
набора,стимула
цифрового,избранного
цифровые,избранные
полевой,должностной
полевые,должностные
психические,кадровые
психический,кадровый
натуральная,излишняя
натуральный,излишний
оркестр,юбилей
оркестра,юбилея
факт,аналог
факта,аналога
идеальная,киевская
идеальный,киевский
союзного,группового
союзное,групповое
одиночества,плавания
одиночество,плавание
метр,сегмент
метра,сегмента
авиационные,средневековые
авиационный,средневековый
обстановка,ирония
обстановкой,иронией
признание,величие
признания,величия
холм,штурм
холма,штурма
качественное,поисковое
качественный,поисковый
капиталистическая,банальная
капиталистический,банальный
измерение,вложение
измерения,вложения
фантазию,лигу
фантазия,лига
модное,энергичное
модный,энергичный
трудовое,магнитное
трудовые,магнитные
психика,клавиатура
психику,клавиатуру
ситуацию,олимпиаду
ситуация,олимпиада
подготовка,злоба
подготовку,злобу
богатства,оскорбления
богатство,оскорбление
концерт,профсоюз
концерта,профсоюза
актриса,вдова
актрисы,вдовы
эффект,сарай
эффекта,сарая
промежуточные,чувствительные
промежуточный,чувствительный
привлекательные,установленные
привлекательный,установленный
склонные,бешеные
склонный,бешеный
враг,кролик
врага,кролика
смена,ссора
смены,ссоры
национальную,роковую
национальным,роковым
утреннее,платное
утренний,платный
частый,равнодушный
частыми,равнодушными
выдающиеся,минувшие
выдающийся,минувший
поза,эра
позу,эру
тротуар,парадокс
тротуары,парадоксы
наивные,подозрительные
наивный,подозрительный
привет,кислород
приветом,кислородом
бумага,инстанция
бумагой,инстанцией
изба,отмена
избе,отмене
популярности,роскоши
популярность,роскошь
царская,крошечная
царский,крошечный
хитрое,добровольное
хитрый,добровольный
абстрактные,враждебные
абстрактный,враждебный
непонятное,немногое
непонятный,немногий
издание,бедствие
издания,бедствия
человеческая,организованная
человеческий,организованный
слышно,недоступно
слышный,недоступный
вчерашнее,израильское
вчерашний,израильский
специальная,заинтересованная
специальный,заинтересованный
сетевая,прикладная
сетевой,прикладной
трамвае,диаметре
трамвай,диаметр
воинская,одетая
воинский,одетый
труп,аукцион
трупа,аукциона
уголки,стоны
уголок,стон
литр,очаг
литра,очага
многочисленная,символическая
многочисленный,символический
марс,компромисс
марса,компромисса
натура,капуста
натуру,капусту
задний,инновационный
задняя,инновационная
сибирская,розничная
сибирский,розничный
фантастика,дырка
фантастики,дырки
совершались,имелись
совершаться,иметься
входная,туристическая
входные,туристические
авиации,инфекции
авиация,инфекция
инициатива,галактика
инициативы,галактики
билет,интерьер
билета,интерьера
обычай,холл
парус,предлог
парусами,предлогами
изящная,просторная
изящный,просторный
обновление,сочувствие
обновления,сочувствия
восхищение,противостояние
восхищением,противостоянием
пенсионное,экспертное
пенсионный,экспертный
алгоритм,прилавок
алгоритмы,прилавки
видимое,сталинское
видимый,сталинский
возражение,накопление
служебное,престижное
служебный,престижный
жалости,бесконечности
жалость,бесконечность
забор,беспорядок
заборы,беспорядки
пиджак,туризм
пиджака,туризма
криво,стыдно
куст,шедевр
кусты,шедевры
явление,веко
явлению,веку
дорожного,допустимого
дорожный,допустимый
уличные,всяческие
уличный,всяческий
затрата,шахта
затраты,шахты
непосредственно,нехорошо
непосредственный,нехороший
футбольного,погибшего
футбольный,погибший
пожилая,жидкая
пожилые,жидкие
автоматические,разбитые
автоматический,разбитый
итальянская,убедительная
итальянский,убедительный
вопрос,массив
вопроса,массива
состояние,излучение
состоянием,излучением
комедии,фракции
комедия,фракция
условная,хрупкая
условный,хрупкий
выпивает,цитирует
выпивать,цитировать
кубки,сертификаты
кубок,сертификат
полиции,адаптации
полиция,адаптация
грозного,дипломатического
грозный,дипломатический
греческий,фонтан
греческого,фонтана
телефонная,конкурентная
телефонный,конкурентный
командование,предпринимательство
командования,предпринимательства
первичная,благотворительная
первичный,благотворительный
объединение,недоверие
объединения,недоверия
обозначение,недовольство
обозначения,недовольства
пребывание,моделирование
пребывания,моделирования
соединение,просвещение
соединения,просвещения
жизней,лопат
жизнью,лопатой
птица,богиня
птицы,богини
порции,физиономии
порция,физиономия
необыкновенная,классовая
необыкновенный,классовый
благодарное,чрезмерное
благодарный,чрезмерный
нетерпение,возмущение
нетерпением,возмущением
театр,огурец
театры,огурцы
рота,рецензия
роту,рецензию
услуг,губерний
услуга,губерния
должностей,вик
поручение,православие
поручению,православию
перерыв,багаж
перерыва,багажа
королева,толщина
королеву,толщину
разработка,нехватка
разработку,нехватку
наркотик,синдром
наркотика,синдрома
изучение,сияние
изучением,сиянием
историю,утрату
история,утрата
наказание,обоснование
наказанием,обоснованием
факультет,рекорд
факультета,рекорда
радикальные,предвыборные
радикальный,предвыборный
ботинка,цирка
образец,президиум
образца,президиума
смелые,клинические
смелый,клинический
свадьба,равнина
свадьбу,равнину
лампа,секта
лампы,секты
шведские,горизонтальные
шведский,горизонтальный
цепь,целостность
диск,террор
диска,террора
формирование,уравнение
формирования,уравнения
полдень,разбор
полудню,разбору
участь,месть
повседневная,католическая
повседневный,католический
порыв,пролетариат
порыва,пролетариата
посылка,география
студию,гимназию
студия,гимназия
медленные,египетские
медленный,египетский
книжные,вероятные
книжный,вероятный
немалые,генетические
немалый,генетический
освобождение,поздравление
освобождения,поздравления
женатый,социологический
светлая,конструктивная
светлый,конструктивный
интересное,солдатское
интересный,солдатский
обучение,снятие
обучения,снятия
резиновые,фальшивые
резиновый,фальшивый
жилище,веселье
невинные,достоверные
невинный,достоверный
аэродром,теракт
аэродрома,теракта
ролей,древностей
роль,древность
склонности,интенсивности
склонность,интенсивность
заседание,преподавание
заседания,преподавания
просьба,глина
просьбу,глину
регулировать,хвалить
регулирует,хвалит
рядовой,пищевой
рядовые,пищевые
магический,ленинский
магического,ленинского
очаровательные,вежливые
очаровательный,вежливый
уровень,референдум
уровня,референдума
горизонт,балет
горизонта,балета
начинающие,квалифицированные
начинающий,квалифицированный
салат,порошок
салата,порошка
наступление,подсознание
наступлении,подсознании
рассвет,комфорт
рассвета,комфорта
религию,трансформацию
религия,трансформация
перенос,стадион
переноса,стадиона
логическая,процентная
логический,процентный
льгота,цензура
льготы,цензуры
девица,птичка
британская,многолетняя
британский,многолетний
шуба,биология
шубой,биологией
вкусная,ударная
вкусный,ударный
специалист,петух
специалиста,петуха
документальные,немыслимые
документальный,немыслимый
таковая,визуальная
таковое,визуальное
сырая,драматическая
сырого,драматического
библиотека,ягода
библиотеки,ягоды
каталог,сдвиг
каталоги,сдвиги
географический,неудобный
географическими,неудобными
законодательное,уральское
законодательный,уральский
заболевание,пристрастие
заболеваний,пристрастий
городке,бульваре
городок,бульвар
инженерные,словесные
инженерный,словесный
доступ,синтез
доступа,синтеза
медицина,страничка
медицину,страничку
запрос,кристалл
запроса,кристалла
структурные,университетские
структурный,университетский
поход,пепел
похода,пепла
окрестности,ведомости
окрестность,ведомость
роддом,избыток
роддоме,избытке
август,импорт
августа,импорта
выживание,возмещение
выживания,возмещения
жоп,ячеек
жопа,ячейка
персональные,зрелые
персональный,зрелый
линейные,тактические
линейный,тактический
плоть,чувствительность
плотью,чувствительностью
реализации,конфигурации
реализация,конфигурация
порог,надзор
порога,надзора
крутого,косвенного
крутые,косвенные
площадью,инспекцией
чуждого,органического
чуждый,органический
пропаганда,скамья
пропаганду,скамью
пышной,обыденной
пышный,обыденный
былого,террористического
былые,террористические
правление,проклятие
правления,проклятия
поступление,вдохновение
поступления,вдохновения
параллельно,лениво
параллельный,ленивый
прибор,оптимизм
прибора,оптимизма
кавказский,ошибочный
кавказской,ошибочной
грузинская,периодическая
грузинский,периодический
жажда,верста
употребление,унижение
употребления,унижения
совершенства,прочтения
совершенство,прочтение
магии,эмиграции
магия,эмиграция
аварии,привилегии
авария,привилегия
роскошные,фондовые
роскошный,фондовый
слава,струна
славу,струну
подводные,физиологические
подводный,физиологический
столик,грипп
столика,гриппа
возможностей,лыж
возможностям,лыжам
рубрика,автоматизация
прогрессивная,влиятельная
прогрессивный,влиятельный
батальон,плач
батальона,плача
утверждение,осложнение
утверждений,осложнений
протест,инцидент
протеста,инцидента
неподвижного,частичного
неподвижный,частичный
искра,игла
искру,иглу
столичные,хронические
столичный,хронический
конфета,аллея
конфеты,аллеи
книжка,экология
книжку,экологию
переднего,оптического
передний,оптический
материнская,тотальная
материнский,тотальный
ветви,летописи
ветвь,летопись
молчаливые,обидные
молчаливый,обидный
ванная,диктатура
ванную,диктатуру
труба,поликлиника
трубы,поликлиники
насилие,налогообложение
насилия,налогообложения
таблица,закупка
таблицу,закупку
режим,контейнер
режима,контейнера
справедливости,шинели
справедливость,шинель
затруднение,предчувствие
затруднения,предчувствия
высказываться,злиться
доход,испуг
дохода,испуга
провал,соблазн
провалов,соблазнов
шоколад,джип
шоколада,джипа
небесное,пресловутое
небесный,пресловутый
крымские,глубинные
крымский,глубинный
пистолет,хохот
пистолета,хохота
сотрудник,комар
сотрудники,комары
игровые,оборонительные
игровых,оборонительных
чудесная,наземная
чудесный,наземный
сложностей,репрессий
сложности,репрессии
мешка,притока
мешок,приток
скрытая,имперская
скрытый,имперский
аспект,паровоз
аспекте,паровозе
массивный,нежелательный
массивными,нежелательными
мистические,ракетные
мистический,ракетный
динамические,элитные
динамический,элитный
тяжести,взаимосвязи
тяжесть,взаимосвязь
опрос,тост
опроса,тоста
сцена,компетенция
сцену,компетенцию
заблуждение,сено
приближение,братство
приближения,братства
театрального,умеренного
театральный,умеренный
неблагоприятные,интеллигентные
неблагоприятный,интеллигентный
особенности,миграции
особенностью,миграцией
писатели,покойники
писатель,покойник
телеграмма,кучка
телеграмму,кучку
фирменный,простейший
фирменных,простейших
влечение,потрясение
влечения,потрясения
заведение,землетрясение
заведения,землетрясения
дизайнеры,когти
печатная,тоталитарная
печатный,тоталитарный
пища,походка
пищей,походкой
отъезд,бланк
отъезда,бланка
перевозка,пасха
перевозки,пасхи
довольные,консервативные
довольный,консервативный
копию,кражу
копия,кража
тонуть,плакать
трезво,лечебно
трезвый,лечебный
мучительные,туманные
мучительный,туманный
пехота,реабилитация
залог,уран
залога,урана
свидетельства,противодействия
свидетельство,противодействие
жилищное,руководящее
жилищный,руководящий
рубашка,клятва
рубашку,клятву
империю,телегу
империя,телега
сурового,немедленного
суровый,немедленный
стальная,казахская
стальные,казахские
корова,императрица
коровы,императрицы
решение,бессмертие
решению,бессмертию
различие,тесто
обещание,лезвие
обещания,лезвия
осуществление,проникновение
осуществления,проникновения
портрет,разгром
портрета,разгрома
творчество,обилие
творчеству,обилию
поворот,гормон
поворота,гормона
наслаждались,пробирались
наслаждаться,пробираться
паутина,резолюция
паутину,резолюцию
информационная,принятая
информационный,принятый
предательстве,седле
предательство,седло
критерий,полигон
критерия,полигона
стрелкового,больничного
стрелковый,больничный
фигура,модификация
фигуру,модификацию
лейтенант,украинец
лейтенантов,украинцев
невыносимые,коварные
невыносимый,коварный
капитальные,плановые
капитальный,плановый
сапогом,почерком
царица,любовница
буржуазная,постепенная
буржуазный,постепенный
добыча,бюрократия
добычей,бюрократией
шею,кандидатуру
шея,кандидатура
батареи,ресницы
батарея,ресница
контрольные,авторитетные
контрольный,авторитетный
местности,яркости
местность,яркость
порода,оптимизация
парижская,смешанная
парижский,смешанный
команда,провокация
команду,провокацию
совести,самостоятельности
совесть,самостоятельность
март,национализм
марта,национализма
природа,эпидемия
природу,эпидемию
должное,показательное
должный,показательный
служба,электроника
службу,электронику
операционные,лекарственные
операционный,лекарственный
тренинг,цент
тренингов,центов
обмен,патриотизм
обмена,патриотизма
крестьянский,импортный
крестьянского,импортного
лицензию,яхту
лицензия,яхта
финансировал,сочинял
финансировать,сочинять
завистью,альфой
будущей,отцовской
будущий,отцовский
качаться,теряться
реальности,достоверности
реальность,достоверность
спуск,троллейбус
спуска,троллейбуса
клетка,специализация
клетку,специализацию
одержал,опубликовал
одержать,опубликовать
мальчик,паук
мальчика,паука
деятельности,переписи
деятельность,перепись
диван,расцвет
дивана,расцвета
понедельник,тоннель
понедельника,тоннеля
сторона,молекула
сторону,молекулу
учреждение,потомство
учреждением,потомством
мастер,верблюд
мастеров,верблюдов
палкой,длительностью
злобной,беспомощной
злобный,беспомощный
пошлина,листовка
пошлины,листовки
изумление,предотвращение
изумлению,предотвращению
метафора,складка
метафоры,складки
непрерывное,масштабное
непрерывный,масштабный
законопроект,дюйм
законопроекта,дюйма
примитивные,эволюционные
примитивный,эволюционный
плоскости,преданности
плоскость,преданность
сигарета,разборка
сигареты,разборки
кухню,тайгу
кухня,тайга
хвост,помидор
хвосты,помидоры
нормативной,проектной
нормативный,проектный
выраженные,конкурсные
выраженный,конкурсный
тестирование,изобилие
тестирования,изобилия
трон,упадок
троне,упадке
нападение,негодование
нападения,негодования
столица,пшеница
столицу,пшеницу
устройство,празднование
устройству,празднованию
поразительную,индустриальную
поразительный,индустриальный
карандаш,ветерок
карандашом,ветерком
реактор,залп
реактора,залпа
дивизий,фар
дивизия,фара
конного,сравнительного
конный,сравнительный
ветка,манипуляция
веток,манипуляций
божий,швейцарский
божья,швейцарская
прекрасная,детальная
прекрасный,детальный
момент,уезд
подчинение,разъяснение
подчинения,разъяснения
статистические,резервные
статистический,резервный
амбиций,автомашин
амбиция,автомашина
появление,соседство
появления,соседства
колебание,неудобство
колебаний,неудобств
азиатский,безработный
азиатским,безработным
приключение,предсказание
приключения,предсказания
забота,вилла
заботу,виллу
стихотворение,банкротство
стихотворения,банкротства
стремительная,наглядная
стремительный,наглядный
языковая,партизанская
языковые,партизанские
этик,ваз
этика,ваза
повестка,быстрота
повесткой,быстротой
мостик,полуостров
закат,перец
заката,перца
энциклопедию,будку
энциклопедия,будка
завет,джин
верности,привлекательности
верность,привлекательность
суждение,кормление
суждения,кормления
каблук,контраст
каблуке,контрасте
клиника,трактовка
клинику,трактовку
новейшая,шахматная
новейший,шахматный
поступка,инсулина
поступок,инсулин
покупатели,очевидцы
покупатель,очевидец
аудиторию,слюну
аудитория,слюна
эмигрантов,орлов
могучая,демографическая
могучий,демографический
экзотические,единичные
экзотический,единичный
оригинальной,избыточной
оригинальный,избыточный
вознаграждение,уточнение
вознаграждения,уточнения
орудие,недоразумение
ручного,следственного
ручном,следственном
свидание,подавление
свиданием,подавлением
сказочное,стихийное
сказочный,стихийный
иллюзию,калитку
иллюзия,калитка
вихрь,спам
птичьи,огневые
птичьим,огневым
оборот,радиус
обороте,радиусе
масса,грамматика
массу,грамматику
поселился,запутался
поселиться,запутаться
крохотные,ритуальные
крохотный,ритуальный
автомобильный,участковый
автомобильных,участковых
кабель,развал
кабеля,развала
добавление,сострадание
подряд,банан
наследство,копыто
связка,радуга
тревога,методология
тревогу,методологию
тематика,дюжина
затрагивали,грабили
затрагивать,грабить
грудного,неограниченного
грудное,неограниченное
обзор,шрам
зеркале,истечении
зеркало,истечение
рождала,превышала
рождать,превышать
загадка,вакансия
загадку,вакансию
русла,уведомления
русло,уведомление
избирательные,патриотические
избирательный,патриотический
лондонский,высочайший
лондонского,высочайшего
император,фюрер
императора,фюрера
откровение,говно
крепостного,пассажирского
крепостное,пассажирское
карман,электрон
кармана,электрона
дружно,нереально
дружный,нереальный
рискованное,штатное
рискованный,штатный
наслаждение,правосудие
наслаждения,правосудия
секретное,обильное
секретный,обильный
потолка,промысла
потолок,промысел
сосед,заявитель
соседа,заявителя
стиль,вулкан
стиля,вулкана
стройные,нелегальные
стройный,нелегальный
мощь,боязнь
немо,недорого
немой,недорогой
опомниться,сбыться
перечислить,перепутать
беременная,идейная
беременный,идейный
шляпа,сперма
переписка,годовщина
переписку,годовщину
бледные,анонимные
бледный,анонимный
сознательное,лазерное
сознательный,лазерный
параметр,шов
параметра,шва
сочинение,подражание
сочинения,подражания
ощутимый,безграничный
ощутимыми,безграничными
диплом,легион
диплома,легиона
замысел,овраг
замысла,оврага
криминальные,квантовые
криминальный,квантовый
места,пробуждения
место,пробуждение
павильон,прирост
павильона,прироста
деяние,сбережение
деяния,сбережения
обработка,монархия
обработку,монархию
территориальные,краткосрочные
территориальный,краткосрочный
отклонение,побуждение
отклонений,побуждений
славянские,зависимые
славянский,зависимый
парочка,инерция
парочку,инерцию
дата,очистка
дату,очистку
видимость,солидарность
вращение,равнодушие
неплохие,сухопутные
пульс,дисплей
пульса,дисплея
аборт,лимон
абортов,лимонов
упражнение,сословие
упражнения,сословия
составные,ржавые
собачий,внушительный
собачьего,внушительного
властный,старенький
ила,прикола
вступительный,месячный
талия,идентификация
полоса,дискриминация
ветеран,координатор
гадость,идентичность
невидимый,комфортный
выдержка,вариация
ремесло,усмотрение
исполняться,доставаться
самоуправление,ухудшение
новый,продовольственный
эксперт,боярин
водопад,героин
мысль,скатерть
здравоохранение,вещание
сделка,эвакуация
раздумье,запястье
фундаментальный,бюрократический
покорить,опровергнуть
злость,спираль
экстремальный,нобелевский
ученика,яка
жестокость,духовность
огонь,сенат
болезнь,достопримечательность
отношение,процветание
нитка,экспансия
стихия,рация
страсть,законность
полгода,зов
неотъемлемый,оборонный
лишение,обитание
удача,груша
придворный,эмпирический
рациональный,действенный
голосование,несоответствие
сиденья,самосознания
колючий,оптовый
церковный,забытый
обновить,расстегнуть
каша,терраса
артиллерийский,заграничный
изделие,следование
характер,эль
произвол,рис
пространство,взятие
ниша,педагогика
низ,рефлекс
могила,эстетика
пламя,духовенство
приписать,испортить
нынешний,цельный
рассуждение,затмение
угодный,толковый
всероссийский,ловкий
различный,оппозиционный
развитие,опоздание
животный,скудный
спорт,диабет
игнорировать,съедать
современность,магистраль
купол,девиз
наследие,копирование
побочный,беззащитный
настать,побледнеть
собор,суверенитет
славный,неформальный
отметка,веранда
кислота,рифма
доска,ноздря
издательский,лабораторный
апрель,дивизион
парашют,возглас
открытость,прозрачность
аромат,конвой
пассивный,невиданный
попадание,бешенство
ласковый,бархатный
пушкинский,совокупный
зрелость,педаль
приказ,зрачок
возрастные,сторонние
выгодный,спутниковый
сущность,неприязнь
капелька,мафия
санитарный,безобидный
полотно,незнание
акция,геометрия
речных,загородных
охрана,риторика
представление,взаимопонимание
внезапный,легальный
коррупция,штора
туфля,монография
аппаратура,лихорадка
указатель,всплеск
ожить,спрыгнуть
глагол,метрополитен
участие,ослабление
отделение,стимулирование
тогдашний,недолгий
упаковка,парадигма
снежный,музейный
возобновить,проанализировать
плоский,небывалый
караван,кант
асфальт,комсомол
маска,оккупация
финальный,садовый
алфавита,вывозу
гражданство,присвоение
глубина,кончина
произведение,полушарие
матрица,лексика
доля,вибрация
стипендия,сигара
воля,гимнастика
облик,миллиметр
нанять,спровоцировать
пуговица,аллергия
канадский,дружественный
сжаться,потеряться
сотрудничество,урегулирование
эфирный,отважный
эстетический,мнимый
норма,мобилизация
поведение,обострение
двойная,лингвистическая
губа,пружина
двором,эквивалентом
кусок,пригород
свисать,веровать
закуска,табуретка
разбирательство,подкрепление
вытеснить,утратить
отправление,брюхо
кнопка,патология
филиал,синоним
пророчество,принуждение
показ,локомотив
безупречный,хирургический
льготный,примечательный
грешный,беспокойный
совещание,единение
пирожок,материк
замкнутый,журналистский
гитара,осада
заголовок,трепет
раскол,кишечник
бумажный,радиоактивный
тепловых,наступательных
привычка,квота
обман,арбуз
электричка,язва
целесообразный,гармоничный
содержание,воспаление
проезд,зенит
официантка,мамочка
киоск,патент
задержание,отчуждение
сближение,пояснение
рыбный,геометрический
завтрак,парик
законный,справочный
медсестра,сова
рабства,вышки
табак,экспонат
приемлемый,неофициальный
гибкость,мечеть
аккуратный,несложный
правда,периферия
пароход,островок
переходный,позорный
пьеса,реорганизация
студенческий,кризисный
окончание,поощрение
вылет,гектар
здоровый,одиночный
коэффициент,цветочек
осваивать,формулировать
просмотр,вакуум
насущный,психиатрический
обдумывать,нанимать
хит,концерн
обогнать,перехватить
дефект,контроллер
бетонный,лагерный
годовой,заводской
сытый,пехотный
лифт,инфаркт
пластинка,физиология
либерализм,пень
нырять,царить
меч,выброс
неполный,крылатый
кабина,роса
заповедей,прививок
досуг,контингент
противоречивый,экспортный
миля,йога
подоконник,кашель
люк,иммунитет
разрушительный,высокопоставленный
кремль,реализм
умение,переселение
интимный,искусный
доза,теорема
решимость,конкурентоспособность
звонкий,несовместимый
золотистый,бесспорный
электромагнитный,окрестный
героический,подмосковный
население,преувеличение
внесение,местонахождение
фрукт,комок
кабинет,мускул
исправление,консульство
ассамблея,этикетка
блин,дивиденд
небольших,престарелых
инструкция,губка
социалистический,миниатюрный
угрюмый,неэффективный
мечта,чашечка
доктрина,пластина
мудрость,сохранность
автомат,фольклор
полночь,глыба
биография,забастовка
сувенир,патруль
благое,сверхъестественное
перемена,орда
родственный,насыщенный
велосипед,достаток
декорация,стабилизация
селение,изъятие
тамошний,наблюдательный
ущелья,избрания
окликнуть,затянуть
устремляться,ориентироваться
зрительный,сжатый
отрицание,товарищество
порок,лазер
забава,зажигалка
страстный,суммарный
закладка,тошнота
водиться,пересекаться
пронзительный,глиняный
миска,гримаса
стенка,линза
изготовление,бессилие
подножие,отравление
восхождение,верование
наглый,остроумный
груз,недуг
крах,перрон
поверхностный,однообразный
повозка,высадка
устойчивость,дуэль
возникновение,превышение
милость,внутренность
библейский,табачный
ролик,прецедент
очертание,оживление
ставка,судорога
приветствие,охлаждение
планирование,ознакомление
памятный,чреватый
прощание,примирение
песчаный,акустический
зубной,выпускной
дерзкий,потерянный
листва,спешка
капитан,лось
проведение,неравенство
блаженство,рисование
подтверждаться,славиться
находка,бритва
выгода,каска
разногласие,смирение
уплата,свита
геологический,спасательный
бесчисленный,иранский
предпосылка,трата
тощий,деликатный
сверкающий,иракский
компетентный,катастрофический
отличный,авторитарный
безусловный,сербский
следующий,нацистский
специализированный,хлебный
окраска,женитьба
проявление,мироздание
древесина,директива
гениальный,динамичный
предоставление,начинание
заход,светильник
модем,триумф
милицейский,добродушный
превысить,затратить
отопление,ходатайство
лагерь,ион
поселение,избежание
понизить,сформулировать
воспитательный,синтетический
четверть,метель
рожа,аксиома
флаг,буддизм
двоюродный,спасительный
низший,продуктивный
опора,дина
дурацкий,красочный
этап,муниципалитет
скука,подделка
причудливый,множественный
опровергать,чистить
управление,нововведение
крепкий,прощальный
прицел,алкоголизм
исчезновение,приведение
обозрение,крестьянство
занавеска,дипломатия
управленческий,экстренный
идиотский,стиральный
программа,траншея
прощение,волокно
олимпийский,профсоюзный
полнейший,изобразительный
мамаша,ласточка
ненависть,недостаточность
молния,ягодица
квартира,информатика
злоупотребление,княжество
агрегат,манифест
благословить,запросить
наблюдение,таинство
односторонний,депутатский
памятник,лепесток
юношеский,тренировочный
инвалид,стрелец
целостный,поучительный
ювелирный,веский
напрашиваться,веселиться
дорожка,опушка
совершенствовать,бомбить
свобода,компартия
пустяк,камешек
буржуазия,пепельница
нейтральный,ежемесячный
медитация,авиакомпания
колонка,галлюцинация
тренировать,излучать
фуражка,ностальгия
барабан,каприз
опознать,затаить
кафедра,отвага
дракон,страховщик
наведение,произношение
марксистский,пятилетний
жалкий,корректный
пересмотр,клинок
бухгалтерский,дочерний
солнечный,общечеловеческий
коляска,бессонница
сокращение,приличие
австрийский,непременный
обломок,ожог
выслушать,раздобыть
копировать,преувеличивать
гитлеровский,говорящий
озадачить,затеять
осенний,профилактический
предстоящий,сердитый
гибелью,котлетой
чувственный,неловкий
корейский,пухлый
сущий,дошкольный
мэрия,аргументация
зад,трибунал
спальный,патологический
парадоксальный,изрядный
арбитражный,разговорный
заинтересованность,роспись
династия,запятая
влажный,циничный
автономия,резина
выдача,паста
повторение,новшество
гнилой,теневой
приезжий,непохожий
согласие,огорчение
газетный,бурый
болтовня,моча
трюк,компас
курение,награждение
гостиница,реставрация
армянский,развивающийся
куриный,морозный
исход,водород
раунд,материализм
восприятие,созвездие
непостижимый,преждевременный
разрез,миллиграмм
скелет,мятеж
насильственный,скандальный
навалиться,высказаться
проспект,цинизм
мусорный,винный
выделение,дворянство
свидетель,подонок
занятый,столовый
трансляция,прохлада
эстонский,папин
положение,ударение
пальма,конъюнктура
вражеский,оборотный
закрепление,благородство
езда,симфония
поддержка,генетика
барьер,углевод
смущение,редактирование
драгоценность,святость
вертикаль,волость
создаваться,цениться
обморок,вестибюль
слушание,заражение
шумный,сопоставимый
целесообразность,озабоченность
офицерский,наивысший
выставочный,загорелый
приманка,ода
устный,необъятный
подписание,обогащение
неудача,деградация
почтовый,молдавский
аварийный,колониальный
замечание,чело
обращение,исчисление
прибыльный,незамеченный
мерами,лилиями
прочий,пропагандистский
нахождение,пожертвование
архитектура,станица
недовольный,признанный
специфика,имитация
взор,телескоп
подросток,царевич
товарищ,дельфин
византийский,неоспоримый
ранение,семечко
коммуникация,сигнализация
грех,микроскоп
приказание,колечко
тревожный,дыхательный
непривычный,унизительный
архивный,националистический
завершение,торможение
закономерный,удовлетворительный
доктор,землянин
пирамида,номенклатура
арест,регулятор
субстанция,гильдия
ярмарка,вата
шпага,уловка
стойкий,осознанный
поговорка,застройка
испытание,опьянение
пафос,ром
перо,поглощение
откровенный,душный
молотком,наполнением
обрывок,канун
причастный,нечеловеческий
мультфильм,шланг
осознавать,огорчать
уязвимый,отсталый
перегородка,мольба
выявление,удобрение
африканский,долговременный
лампочка,процессия
октябрьский,пишущий
контакт,проигрыш
таблетка,консолидация
магазин,ночлег
кабельный,неравный
внешность,сексуальность
смуглый,филологический
ярлык,героизм
исцеление,притяжение
сконцентрировать,превзойти
переворот,афоризм
инструментальный,старейший
повторный,редакционный
тапочки,песнь
наклонить,пронести
несуществующий,мысленный
вялый,австралийский
кожаный,недействительный
повествование,рыдание
укусить,усовершенствовать
летучий,ценностный
мелочь,совместимость
храбрость,прядь
погром,пустырь
кончик,морг
паша,щука
венгерский,лыжный
уменьшение,царствование
орех,империализм
изгнание,бездействие
визит,пуд
выразительный,гуманный
красть,олицетворять
таможня,яблоня
игрушечный,дьявольский
ледяные,восходящие
доходность,наивность
добродетель,неловкость
канцелярия,скула
античный,минный
ранг,периметр
исток,крестик
пункт,хоккей
растительный,кратковременный
наружный,буддийский
расставание,великолепие
демонстрация,спекуляция
девка,княжна
присяжный,бабушкин
нравственность,ловкость
мельчайший,всесоюзный
силовой,паровой
спорный,кубический
многообразие,купание
процент,микрорайон
гибкий,стильный
аптека,труппа
методический,кровный
тетрадь,сырость
заказ,ангар
бег,пакт
конструкция,дифференциация
хребет,бардак
архитектурный,немногочисленный
здравый,карельский
несправедливость,мерзость
фонарь,геноцид
благодарность,стойкость
опухоли,фальсификации
плита,ипотека
титул,рудник
разворот,антибиотик
эмблема,тундра
этический,близлежащий
исчерпать,обнародовать
смесь,причастность
взрывной,лицевой
дону,телеграфу
шлюпка,гигиена
сопровождение,преддверие
собеседники,талоны
электричество,яичко
крыса,братия
кубик,выдох
салфетка,смола
вероятность,морковь
общежитие,стечение
марка,вентиляция
наряд,борщ
увлекательный,скорбный
примечание,соперничество
вертикальный,стопроцентный
прибрежный,неопытный
оптимальный,еженедельный
преследование,упрощение
спальня,раздача
поднос,обиход
дорогостоящий,невыгодный
мрамор,сумрак
мифология,епархия
происшествие,отчисление
прозвищ,наводнений
доверительный,многократный
военкомат,тайм
удаление,разграничение
эталон,блик
ножка,флора
жительство,казачество
дневного,континентального
подсознательный,злополучный
рубаха,капитуляция
сонный,интуитивный
ниточка,навигация
наука,коммуна
безумие,гостеприимство
иврит,табурет
умственный,миграционный
приговор,баррель
сумма,оптика
квартал,диалект
позор,ярд
блокада,догма
иск,родник
чайный,бездонный
кабинка,морковка
отправка,взрывчатка
методика,полочка
афиша,переделка
неподходящий,мифический
разведывательный,курортный
скульптура,координата
полярный,общеобразовательный
образный,родимый
открытка,деревушка
транзит,валун
отражение,хамство
расстрел,магнит
пересечение,неудовольствие
ядовитый,нечестный
скрыться,зародиться
правонарушение,прогнозирование
рассеянный,паспортный
пламенный,постельный
несправедливый,рекордный
охотничий,фарфоровый
парад,пылесос
социология,аттестация
эпитет,мячик
задушить,помянуть
тщательный,кардинальный
невредимый,бессонный
подушка,астма
грубость,нерешительность
вскрытие,материнство
гроза,кулиса
нетерпеливый,доверчивый
ткань,наследственность
целенаправленный,хабаровский
экспериментировать,обстоять
реферат,прямоугольник
параллель,жуть
наименьший,дореволюционный
посадочный,недельный
ладонь,неточность
оконный,беспорядочный
противотанковый,ихний
пробка,активизация
шерсть,влажность
стишок,устой
пополнение,превосходительство
аванс,фейерверк
прохождение,сосредоточение
поганый,вышестоящий
издевательство,тяготение
квитанция,артерия
позвоночник,набег
сейф,распорядок
отдел,перепад
сочный,венский
латвийский,праздный
больная,анимация
получение,чрево
конверт,кефир
навес,дуэт
комбинация,реанимация
горевать,идти
вождение,упрямство
применимый,жизнерадостный
свод,синтаксис
вонючий,варварский
поэтический,болотный
функционирование,мечтание
мутный,спонтанный
сервер,лимит
напряжение,оцепенение
разнородный,одноразовый
недопустимый,лютый
отраслевой,штурмовой
надобность,премудрость
гром,чеснок
управа,хронология
подрастать,визжать
речевых,инициативных
наркотический,сезонный
клюв,йогурт
пожелание,возмездие
большевистский,попутный
мерзкий,пожизненный
целый,саудовский
застенчивый,невольный
адский,визитный
усердие,предъявление
жевать,крестить
сомнительный,заманчивый
скрываться,восстанавливаться
террорист,динозавр
созерцание,поднятие
неровный,внятный
доработка,кушетка
призрачный,внешнеполитический
кусочек,орнамент
смысловой,немолодой
репутация,литургия
поклон,иудаизм
эфир,созыв
безразличие,авторство
почта,радиация
пьянство,облачко
крючок,минерал
перестройка,аура
берлинский,расовый
учительница,кобыла
имение,порождение
сердечный,уважительный
матерей,улиток
осмысление,опубликование
избавление,ругательство
распознавание,благоустройство
приняться,отчаяться
платформа,мутация
субъект,карнавал
оперный,неправый
тропа,ссуда
благосостояние,суеверие
мыслимый,тарифный
неуловимый,бдительный
постановка,пицца
отличительный,суверенный
требовательный,обиженный
выход,антисемитизм
облегчение,постоянство
непонимание,полугодие
библия,юрисдикция
фланг,сговор
доблесть,мазь
признак,астероид
санаторий,люд
коррекция,психиатрия
катание,неведение
огненный,амбициозный
изначальный,общеизвестный
буква,бойня
могущество,отставание
правдивый,неимоверный
представительный,отменный
коллегия,стимуляция
предсказывать,угадывать
задница,кровля
худо,раскаяние
освоить,очертить
измена,клумба
смешиваться,заблуждаться
ужас,экстремизм
повреждение,самосохранение
комплект,лен
крюк,паралич
трение,своеобразие
тусовка,ложечка
воззрение,кровотечение
лошадиный,искомый
расписка,кукуруза
звезда,крупа
прослушивание,горлышко
монитор,излишек
хроника,метафизика
сизый,гостеприимный
бездна,лапша
индивидуальность,погрешность
тягостный,оглушительный
неуклюжий,назойливый
перелом,картон
зоопарк,пинок
реестр,тоталитаризм
старинный,уездный
кисть,нестабильность
рента,простуда
неблагодарный,общительный
предотвратить,истолковать
устранение,несовершенство
региональный,конкурентоспособный
середина,расшифровка
колыбель,приверженность
темп,газопровод
приз,выпад
робкий,бестолковый
страховка,ромашка
уничтожение,оснащение
развитой,валовой
королевский,гипотетический
промежуток,катаклизм
алкоголь,передел
отдых,невроз
задумчивость,диагональ
сдача,заграница
колесница,баллада
верхушка,мастурбация
распространение,членство
судья,жеребец
неустойчивый,неладный
пята,распродажа
расписание,головокружение
диаграмма,снежинка
смежный,портативный
хвостик,эпиграф
коалиция,ноша
кофейный,стилистический
шкала,фауна
извинение,иго
наклонный,терапевтический
костюм,донос
сравнимый,соблазнительный
завал,воск
умелый,неслыханный
полемика,сауна
пелена,опаска
кулинарный,высотный
панель,подлинность
двухэтажный,анальный
перемещения,пастбища
побег,бостон
массаж,лотос
гонка,локализация
завтрашний,дипломный
латинский,довоенный
разгар,риф
выдвижение,неумение
гвардейский,тщетный
плот,разврат
повязка,порнография
слияние,предвкушение
греться,пастись
рознь,неизбежность
сосновый,каменистый
преподобный,боярский
праведный,топливный
предисловие,наращивание
повысить,сконструировать
отсек,вердикт
пятачок,водоворот
буквальный,зеленоватый
мавзолей,обвал
воспроизводство,успокоение
скважина,семантика
шашлык,портвейн
обыск,спортзал
шоколадный,швейный
романтический,профильный
дружеский,климатический
укол,изъян
замаскировать,напугать
выяснение,самоопределение
вздох,аул
мундир,мандат
захохотать,вскричать
вычислительный,металлургический
маршрутка,эпопея
зиять,оседать
блузка,явка
удельный,волжский
логичный,досадный
койка,грива
неотложный,биографический
зачатие,наречие
дамский,мятый
угаснуть,воскликнуть
донесение,сукно
пронизывать,обновлять
буйный,необратимый
едкий,добротный
мелодия,гравитация
величественный,львиный
возвышенный,скальный
басом,бархатом
оборона,милостыня
одинокий,знающий
прибой,пикник
случайность,ртуть
ловушка,опечатка
темперамент,кивок
кинжал,трест
питание,восклицание
модельный,трамвайный
десант,бутик
некорректный,бойкий
обнаружение,свершение
знамение,благоговение
обслуживать,недооценивать
кухонный,вульгарный
флотилия,инъекция
сравниться,подружиться
здешний,неподдельный
проезжий,повинный
похищение,сказание
мучение,клеймо
мотор,дебют
клиент,микроб
колодец,шантаж
бюст,кубометр
похвала,чета
произвольный,нефтегазовый
микрофон,правопорядок
разноцветный,орбитальный
пялиться,совершенствоваться
начальный,доминирующий
приспособление,масонство
заботливый,завидный
графический,монотонный
косметика,стажировка
оскорбительный,гулкий
букет,апартамент
эскиз,кратер
дружина,директория
круговой,болевой
преподаватель,азербайджанец
светящийся,среднестатистический
парикмахерская,лысина
мягкость,секретность
рельеф,абсолют
титульный,подсобный
старость,латынь
статуэтка,кладка
морщина,мимика
платья,везения
пятно,ничтожество
свежесть,рациональность
бомбардировка,публицистика
рать,бодрость
штабной,питьевой
туча,плазма
реформатором,цементом
белокурый,эпический
вражда,булка
ощупь,девственность
базар,адреналин
упрямый,лояльный
вежливость,изгородь
ослаблять,расценивать
изобретать,сушить
конечность,дерзость
житейский,нетронутый
правовой,спиртной
ослабить,пересказать
чугунный,февральский
скорость,сирень
район,симпозиум
диктофон,пробег
дворик,румянец
перестрелка,каста
продукция,деформация
содержимое,замедление
понятие,кровообращение
волосатый,десантный
полюс,алюминий
азартный,суточный
печка,автобиография
открытие,свечение
закрытие,вероисповедание
лужайка,щепка
распределение,сотворение
блокнот,стеллаж
еженедельник,загар
несомненный,самодостаточный
мужественный,незримый
победный,невозмутимый
вывеска,дилемма
автобусный,пушечный
морда,чаща
наличный,княжеский
насекомое,корыто
квадратный,думский
умысел,меркурий
затруднительный,равномерный
дарование,лицемерие
наркомания,говядина
проповедь,гениальность
присутствие,расслабление
любовный,высококачественный
корзинка,полянка
иероглиф,булыжник
способ,перебор
предание,пятнышко
поток,блюз
атрибут,ореол
удел,озон
выпуклый,сотый
растерянность,шаль
учение,старение
бета,сопка
старание,крылышко
бинокль,марафон
скорбь,человечность
вхождение,предубеждение
дохлый,латышский
вальс,йод
пиратский,неразрешимый
посещение,ограждение
пропорция,аномалия
складской,блатной
усыновление,шипение
воскресный,нестерпимый
козырь,пупок
проститутка,блоха
съезд,психоз
проекция,пучина
доклад,метеорит
винт,укор
мощность,неприкосновенность
конвенция,кофточка
художник,латыш
благополучие,замещение
учредительный,атлантический
расхождение,умиление
ценообразование,празднество
улочка,непогода
штат,шпионаж
бездомный,конструкторский
регистрационный,кубинский
расположение,равноправие
драматург,окунь
фонарик,норд
необходимости,импровизации
докторский,хитроумный
недобросовестный,переносный
схожий,овальный
вереница,шизофрения
кинематограф,нажим
пай,идиотизм
урна,иммиграция
исчерпывающий,необязательный
посильный,округлый
этикет,шампунь
поединок,персик
знакомство,созревание
графиня,ящерица
преграда,мания
нежелание,хищение
сторонник,вол
персонал,досмотр
мексиканский,непродолжительный
ансамбль,зуд
безымянный,зыбкий
сдержанный,молекулярный
супермаркет,привал
богослужение,сумасшествие
суматоха,ухмылка
набросок,каскад
переменный,полноправный
палуба,рада
оболочка,охапка
девчонка,поэтесса
благодатный,шотландский
тина,контрабанда
государь,бегемот
стационарный,бельгийский
крестьянин,декабрист
кусать,координировать
разряд,кальций
заготовка,метаморфоза
пробуждать,усложнять
житие,адмиралтейство
познавательный,тоскливый
трость,взаимность
становление,пришествие
стрельба,толща
фаза,конфронтация
пробный,комнатный
такт,опус
запись,оттепель
биржевым,господствующим
сборка,планировка
лотерея,темница
рюкзак,траур
заря,легализация
изысканный,синтаксический
пагубный,надменный
примерный,поддельный
цветочный,оптимистический
карикатура,девятка
рыбий,теннисный
шествия,приморья
искренность,подвижность
липа,эротика
соблюдение,обмундирование
концлагерь,откос
толчок,квас
неспособный,океанский
урон,кий
возврат,архипелаг
генератор,эскадрон
стартовый,непоправимый
словосочетание,безмолвие
уступка,пижама
отсрочка,аннотация
доверенность,плеть
лужа,клубника
монетка,экзотика
детективный,разрозненный
ежегодный,демократичный
ландшафт,ультиматум
ломтик,конспект
пословица,прибавка
водитель,павлин
водяные,дырявые
укрытие,самодержавие
здоровенный,замужний
строка,клеточка
цепочка,минуточка
диалектический,однокомнатный
волевой,числовой
растительность,повседневность
краска,демократизация
напоминание,выведение
мужик,дятел
громоздкий,мебельный
ревность,античность
сценка,конфетка
расплывчатый,бразильский
нескончаемый,политехнический
райский,картофельный
стычка,марихуана
бессознательный,сумрачный
барышня,царевна
присмотр,комод
неприступный,сценический
душистый,обоюдный
бедро,созидание
раковина,кульминация
заимствование,воодушевление
припев,спазм
картинка,глубинка
хранилище,затишье
кран,тюльпан
шторм,усик
прописка,ветчина
прелесть,неподвижность
покушение,рукопожатие
направленность,порядочность
крайность,инвалидность
неспособность,айсберг
особенный,летательный
фашизм,блиндаж
дача,капитализация
сетка,фобия
розыск,мегафон
диверсия,слепота
непримиримый,производный
автоматизированный,беспечный
избушка,каторга
рослый,обманчивый
проговорить,растрепать
сенсация,агония
сбоев,юрт
вершина,лингвистика
запор,меридиан
завоевание,диво
грот,колорит
подружка,кладовая
отображение,паломничество
прах,подтекст
покров,меморандум
отвращение,еврейство
общепринятый,телеграфный
невнятный,корявый
герой,мамонт
красноречивый,неточный
перемениться,затеряться
пешеходный,укромный
гадкий,многонациональный
задолженность,рукоять
послушный,симметричный
кнут,эпилог
обочина,пиявка
заповедник,кокаин
причал,понос
завещание,отдаление
соседский,плюшевый
археологический,необоснованный
литовский,пасмурный
шикарный,предсказуемый
земледелие,различение
вещь,полвека
мышечный,беленький
картонный,миллионный
неправда,скамеечка
бородка,пересылка
лифчик,кругозор
разновидностей,смут
голосовой,отставной
волчий,фигурный
дворовый,кропотливый
зенитный,рутинный
неповторимый,глянцевый
пульт,зигзаг
публика,призма
нежность,облачность
построение,зверство
трубочка,анархия
дальневосточный,сенсационный
сундук,фанатизм
переработка,энтропия
несовершенный,узбекский
действительный,кожный
подверженный,сиюминутный
заветный,радиационный
капсула,расплата
трудолюбивый,двадцатилетний
знатный,оценочный
местоположение,приданое
разрыв,монумент
эшелон,расизм
родина,стенограмма
тоненький,цыганский
условности,обсерватории
угощение,хулиганство
жезл,романтизм
страховые,обвинительные
тормоз,сарказм
долгожданный,сливочный
палочка,коллективизация
послевоенный,костный
иррациональный,неудовлетворительный
искажение,остроумие
засада,утроба
свиток,перевес
ускорение,лакомство
стандарт,оазис
близость,успешность
кандидатский,победоносный
сигнал,сельсовет
толк,гипс
подвиг,иней
бессмертный,хозяйский
фокус,микроавтобус
ослепительный,великодушный
приписывать,преподносить
десятилетний,венецианский
всемогущий,движимый
вспышка,утилизация
приморский,обозримый
сходный,шершавый
маятник,насморк
совместимый,несчастливый
кепка,поломка
машинка,геология
кандидат,клещ
государственность,невесомость
шалаш,догмат
родительский,желтоватый
полость,непрерывность
гранитный,сольный
низкий,многодетный
контактный,незыблемый
аккумулятор,откат
уютный,бритый
перераспределение,повеление
помойка,археология
терапия,инквизиция
установка,фильтрация
взнос,сгусток
жаргон,аффект
сношение,придание
наручник,озноб
нематериальный,дремучий
расходный,шаткий
тайник,сперматозоид
лапа,котировка
своевременный,ревнивый
профилактика,пропажа
лента,конфискация
задержка,комета
усталый,плачевный
насторожить,оживить
вишня,рукавица
неясный,беспредельный
патрульный,ледовый
плащ,самиздат
выслушивать,разжигать
веха,сортировка
подлый,повсеместный
масштаб,вычет
балл,фермент
привилегированный,ведомственный
выносливость,изобретательность
дворянский,целебный
плесень,муть
переключение,сиятельство
постижение,быдло
пурга,скорлупа
мошенничество,пропитание
газон,виноградник
примета,кочка
магнитофон,лексикон
арена,хромосома
праздничный,озабоченный
радар,писк
ширма,пощада
концентрацией,галопом
кудрявый,бесстрастный
проработка,потенция
радиатор,каштан
приобретение,перемирие
благополучный,федеративный
тройка,чешуя
опека,корреляция
картинный,будничный
догадка,аббревиатура
прыжок,нацизм
камыш,буклет
ковчег,талмуд
проституция,дамба
пазуха,кибернетика
хождение,извещение
столб,снегопад
апрельский,несметный
пьедестал,альпинизм
бинт,эпос
внушение,честолюбие
аграрный,нестабильный
разовый,ритмический
карманный,негромкий
сорт,гепатит
кораблик,раздор
мюзикл,дискомфорт
хохотать,крепнуть
грамматический,восстановительный
месторождение,предвидение
берлога,горячка
мачта,неразбериха
коренастый,астральный
молоденький,губительный
сечение,ликование
шнур,квант
клок,одуванчик
аквариум,бестселлер
питательный,лексический
фигурка,зола
альбом,концепт
дистанционный,безудержный
начальник,викинг
виза,торпеда
блаженный,оптимистичный
плодотворный,феноменальный
диковинный,вожделенный
телевизор,рубин
рекомендация,эгида
командировка,апатия
долгий,крупномасштабный
деятельный,шутливый
ария,раздевалка
бревно,пиратство
застой,брезент
сорочка,расценка
мизерный,преуспевающий
благословение,сотрясение
увеличение,здравие
индикатор,горб
сахарный,невиновный
гармония,индустриализация
агент,омар
двусторонние,глазные
заморский,текстильный
редкостный,элитарный
кинотеатр,пессимизм
скачок,ингредиент
безмолвный,неосторожный
горшок,феминизм
ринг,маразм
вещица,отрава
тачка,смета
консервный,цепкий
конский,многострадальный
академик,кузнечик
руководство,разумение
гробница,слежка
тройной,жировой
бродячий,квалификационный
приход,обруч
сюжетный,респектабельный
покорность,лесть
медвежий,низенький
полномочие,посягательство
клубный,помятый
анализировать,оживлять
ферма,перестановка
панорама,истерия
алмаз,выкрик
соприкосновение,пищеварение
недобрый,двухкомнатный
прямоугольный,кооперативный
обеденный,первомайский
неумолимый,изумрудный
высказывание,кровопролитие
нива,сушка
азербайджанский,ортодоксальный
удачливый,портовый
прямолинейный,непреклонный
листок,нейтралитет
наезд,раздражитель
принудительный,инфракрасный
лавочка,фортуна
запуск,дол
меткий,лихорадочный
полис,бульдозер
пограничный,мятежный
алтайский,запредельный
высокомерный,беспристрастный
смертоносный,осетинский
крепление,красноречие
победитель,буржуй
бездарный,лестный
моторный,исконный
воздействие,облучение
занятный,безответственный
вездесущий,таджикский
шашка,антология
особняк,отток
усадьба,менструация
заразить,проиллюстрировать
свирепый,красноватый
хата,вотчина
разделение,удвоение
лоза,апелляция
парк,протон
порочный,карательный
значимость,робость
косточка,молва
автор,леопард
керамический,общедоступный
двухлетний,вопросительный
основа,подсветка
поместье,днище
разглядывать,усугублять
майский,негодный
принцесса,личинка
поклонение,насыщение
призыв,тент
бесцветный,масонский
нить,убедительность
родственник,гетман
элегантный,охотный
согласование,ожирение
умолчание,логово
воспитанный,симфонический
плантация,конфедерация
заглавный,губернаторский
краешек,животик
толкования,безделья
клетчатый,невежественный
чашка,депортация
прелестный,эгоистичный
минеральный,раковый
иллюзорный,притягательный
войсковой,травяной
систематический,одноэтажный
разрушение,бесплодие
конюшня,причуда
внедрение,хозяйствование
творение,недомогание
сталь,изменчивость
пейзаж,пергамент
старомодный,пленарный
румынский,честолюбивый
португальский,необитаемый
квадрат,пригорок
тихоокеанский,рабский
вылазка,виселица
въезд,кустик
смелость,женственность
усатый,обслуживающий
бассейн,эмбрион
балка,ратификация
растение,вожделение
матрас,омут
босой,льняной
предпоследний,вирусный
продление,графство
небритый,микроскопический
теплоход,отголосок
безликий,ломаный
сервис,микроорганизм
постулат,идеализм
ступня,алгебра
краеведческий,грузный
развлечение,усложнение
пересмотреть,упразднить
истребительный,анатомический
рукав,фельетон
смешение,высокомерие
наложение,возвышенность
занимательный,волнистый
испытательный,освободительный
зонтик,фарс
гонение,кружево
будильник,вест
сессия,централизация
дождливый,смиренный
потный,продолговатый
упор,прообраз
увольнение,сосуществование
расход,бампер
казнь,сажень
бильярд,резон
кислородный,пониженный
соотечественников,куликов
волнение,благочестие
подавить,разогреть
кружок,нейрон
потоп,консерватизм
натиск,тембр
привидение,уродство
водоросль,артель
губернатор,жаворонок
кислый,онтологический
почка,стандартизация
терпеливый,неописуемый
ступенька,репа
безлюдный,проволочный
крашеный,домовый
курорт,пересказ
частность,мозоль
дизель,куплет
поджидать,ужасать
несогласие,сплетение
обобщить,оштрафовать
колоритный,костлявый
регистр,консорциум
продолжительный,ходячий
компактный,звучный
изолированный,фотографический
несущественный,триумфальный
фишка,настойка
обрез,домысел
башка,симметрия
безмятежный,непоколебимый
коллекция,махинация
паршивый,мелодичный
синева,свастика
помирать,странствовать
развлекательный,юмористический
посадка,амплитуда
негатив,гамбургер
восполнить,разочаровать
богословие,истолкование
спинка,идиллия
кассационный,мерный
заряд,калий
самооценка,турбина
клубок,майонез
сокрушительный,панический
кольцевой,цепной
тренировка,дыня
обоснованный,торопливый
наклонность,правдивость
коммерция,пилюля
простодушный,оккупационный
эрекция,громада
знаменательный,тождественный
словесность,слизь
невежество,расселение
тайский,хилый
жасмин,носилки
отбор,опиум
богословский,умышленный
строгость,двойственность
уют,индивидуализм
термометр,ажиотаж
купюра,олигархия
каркас,круиз
альянс,яичник
желанный,тысячелетний
колхозный,липовый
хорошенький,абхазский
жгучий,самоотверженный
россыпь,нелюбовь
рукопись,нетерпимость
мантия,десятина
меди,тирании
износ,купон
монархический,стерильный
эзотерический,фамильный
котельная,устрица
пролетать,устрашать
страна,киностудия
объективность,внезапность
бык,примат
ипотечный,нелюбимый
хриплый,голубоватый
измученный,декабрьский
дирекция,самоорганизация
житель,эстонец
дряхлый,поспешный
автограф,закоулок
снасть,неосторожность
пространственный,неразборчивый
титр,сорняк
неживой,дымовой
интрига,подкова
резной,зерновой
депутат,швейцарец
браслет,суффикс
горесть,промежность
нехитрый,базарный
президент,шакал
насос,апогей
ценить,раскручивать
конфликтный,знойный
оружейный,медлительный
разлука,крапива
любительский,еловый
клич,питомник
чаша,невзгода
размер,сифилис
горизонталь,краткость
подпольный,впечатлительный
попечение,испарение
осколок,анализатор
приезд,тулуп
передышка,фиалка
траурный,июньский
мотоцикл,плагиат
балетный,первозданный
задумчивый,причинный
абсурдный,молниеносный
стаж,осадки
галактический,неравнодушный
секция,разминка
неполноценность,шалость
отечество,однообразие
покаяние,извержение
неприятности,специи
комбинат,разбой
опасения,щупальца
древесный,рисовый
досрочный,белковый
капризный,вокальный
нарядный,двусмысленный
всеобъемлющий,пшеничный
вонь,явь
прокуратура,масленица
определяться,усугубляться
шлюз,голь
представительство,воинство
объектив,изюм
ядро,антитело
неразумный,многозначительный
тюменский,неделимый
дотация,конопля
обыкновение,полнолуние
доходный,джазовый
рама,пунктуация
первостепенный,штатский
сопоставление,преображение
доброжелательный,неизлечимый
барак,плюрализм
бутерброд,перебой
дистанция,дедовщина
басня,константа
каюта,потеха
гонорар,мотель
тормозных,клеточных
мозаика,префектура
аптечка,изюминка
шутка,биосфера
ковровый,пятнистый
лопатка,эрудиция
превосходный,зримый
наименование,сокрытие
малость,бессмысленность
гребень,скептицизм
учитель,бизон
курсив,выкидыш
конфиденциальный,посредственный
котелок,ананас
длина,ржавчина
укрепляться,воплощаться
баллон,табун
диета,баранка
медный,падший
краевом,облачном
масляный,несостоятельный
парта,ориентировка
положенный,ориентированный
выигрыш,псалом
автоматика,буханка
халат,экватор
безграмотный,усопший
принадлежностей,саг
излюбленный,биохимический
юстиция,байдарка
примесь,сосредоточенность
благотворительность,шмотки
термос,окрик
фанера,нажива
злосчастный,энциклопедический
говор,бот
милосердный,взрывчатый
наказ,булат
именитый,нотариальный
гать,пассивность
коммунальный,приборный
бескрайний,прагматический
минутный,головокружительный
надбавка,впадина
незаметный,неспокойный
плотный,синхронный
заявка,пластмасса
прошлогодний,неблагополучный
игрок,удав
председательство,веление
основополагающий,стрессовый
пациентка,герцогиня
кошка,собеседница
тыква,подмога
колокольня,демагогия
мел,круговорот
кладбище,чудище
кордон,накал
обменный,незапамятный
испуганный,чиновничий
ясностью,историографией
танцевальный,машинописный
причина,горстка
кличка,телогрейка
вкус,катализатор
имитировать,ухудшать
наконечниками,лопухами
пресечение,олицетворение
живописный,песочный
женственный,камерный
эротический,изнурительный
икра,засуха
усмешка,оргия
световой,нежилой
остановка,унификация
удобство,разоружение
объяснимый,перманентный
безжалостный,единодушный
нажатие,песнопение
канализация,библиография
неприемлемый,поворотный
батарейка,нормализация
татарский,слизистый
стопка,мелодрама
овладение,соболезнование
расхожий,вязаный
семилетний,злостный
милая,этнография
старческий,тучный
казачий,многолюдный
формация,клизма
заправка,прелюдия
продавец,пеликан
бесстрашный,самодовольный
продвижение,отречение
артист,филин
инсульт,аспирин
племянница,киска
хвойный,стоячий
зеркальный,трагичный
ограблению,ому
низменный,доисторический
стебель,эпицентр
оператор,аист
производительный,полиграфический
нашествие,язычество
могущественный,вышесказанный
головоломка,песчинка
акционерный,ледниковый
мускулистый,неполноценный
клевета,ямка
многообразный,запущенный
кавалерийский,архаичный
возненавидеть,разграбить
булочка,нагота
воровской,тыловой
решительность,верфь
мотив,никель
мужественность,эластичность
вышеупомянутый,дизайнерский
щедрый,зоркий
девственный,монтажный
горестный,каждодневный
хитрость,дрожжи
гавань,живость
бронзовый,температурный
омерзительный,единоличный
непосредственность,тщательность
отступление,младенчество
неведомый,посмертный
зажиточный,младенческий
весомый,убыточный
трещина,подкладка
заросль,самобытность
пренебрежение,великодушие
керамика,крупица
угловой,озорной
господин,ингуш
августовский,гомосексуальный
справка,сиська
техникум,янтарь
облигация,дельта
министр,ящер
любознательный,светловолосый
шприц,путч
самодеятельный,унитарный
ива,пылинка
мочевой,глухонемой
плотность,гарь
бутылочка,филармония
авангард,иконостас
канава,щиколотка
пальчик,шик
вскочить,кашлянуть
извечный,соевый
эскалатор,хрип
побережье,предплечье
присоединение,нагромождение
приблизительный,неумелый
дозор,позвонок
неинтересный,размытый
подсказка,лунка
стилистика,разрядка
трогательный,бесшумный
окоп,огурчик
грим,отзвук
полумрак,нектар
магистральный,упавший
враждебность,заболеваемость
амбар,разлад
нестандартный,безоговорочный
песенка,подгруппа
лояльность,жесть
братский,орудийный
оскорблять,источать
непомерный,безрассудный
милостивый,жемчужный
отставка,шайба
контрастный,альпийский
переоценка,луковица
янтарный,греховный
промах,червонец
идентичный,комиссионный
карусель,неустойчивость
купеческий,шестилетний
строфа,ширинка
нотка,телекамера
сумочка,телепатия
тусклый,беспрерывный
астрономический,повальный
оглядка,рюмочка
портиться,фотографироваться
арендный,махровый
полиэтиленовый,тягучий
соломенный,немощный
менталитет,кокон
небезопасный,исправительный
агрессия,лепта
похождение,благоразумие
тематический,репрессивный
продольный,невыполнимый
мемориальный,нагрудный
корыстный,улыбчивый
метла,фикция
непростая,собранная
голодовка,оранжерея
трасса,канистра
пакет,тиф
дубовый,термоядерный
гигиенический,бензиновый
подлинник,гастроном
конвейер,бифштекс
лик,холестерин
пляска,тапка
электрод,вынос
окружность,полынь
экскурсия,лодыжка
прокурор,страхователь
капитанский,непокорный
полнота,нирвана
окурок,холмик
жемчуг,флигель
риторический,гусиный
липкий,настенный
противоположностью,шваброй
ненасытный,монашеский
размещение,зарево
подвластный,жертвенный
квалификация,соната
спичка,земляника
алюминиевый,мещанский
возрастание,самоутверждение
вариться,наблюдаться
губернский,лежачий
отход,памперс
свисток,онанизм
рюмка,экипировка
келья,фонограмма
алмазный,утешительный
сидение,наклонение
промышленности,анестезии
убийственный,фермерский
самобытный,измерительный
очарование,бракосочетание
отрицательный,тысячный
орфография,мордочка
алкогольный,водородный
прибыль,неясность
смутный,априорный
неуверенный,судорожный
любитель,судак
патриархальный,отборочный
вышеуказанный,каштановый
вышеперечисленный,межгосударственный
ориентация,мембрана
опорный,высокооплачиваемый
новизна,частушка
непобедимый,черноволосый
истинность,чернь
западноевропейский,бомбардировочный
преступность,безответственность
витрина,национализация
размножение,нарекание
канцелярский,непрозрачный
пустынный,миротворческий
проба,смородина
неминуемый,прерывистый
отборный,человечий
схватка,огласка
драматургия,конспирация
артериальный,воображаемый
пробел,каламбур
внеочередных,утопических
безвредный,концентрированный
освещение,времяпрепровождение
гармонический,бурятский
альманах,бочонок
запретный,незаконченный
предупредительный,спектральный
гражданин,ягуар
свержение,переплетение
пологий,распределительный
порча,булочная
перила,подозрительность
дежурство,кипение
комиссар,джигит
прикосновение,яблочко
сквозняк,диспут
транспортировка,акация
хищный,безмерный
автоматный,антитеррористический
фанерный,незадачливый
создатель,сверчок
консерватории,туши
лягушка,гувернантка
съедобный,олигархический
горечь,управляемость
постыдный,язвительный
выключатель,квартет
похвальный,джинсовый
обстрел,федерализм
запоздалый,порнографический
деление,плодородие
англичанин,корифей
сабля,овация
лестничный,гипсовый
демонический,заядлый
иронический,канализационный
выступ,шлак
лапка,презумпция
банкет,плеск
ленточка,вьюга
ресторанный,пятнадцатилетний
холст,синод
кассета,колонизация
добросовестный,морфологический
хранителем,скальпелем
допрашивать,продлевать
безразличный,размеренный
убежище,полчище
муза,горилла
репетиция,десна
чистка,беготня
ревизия,травинка
присутствующий,вредоносный
заметка,ассимиляция
эстафета,агентура
заключительный,сирийский
цилиндр,сироп
горючий,миловидный
легковой,стенной
стационар,предикат
внук,невежда
оперативность,алчность
акула,преамбула
парусный,выносливый
пластмассовый,дымный
дерьмо,обожание
углубление,бормотание
избиение,оплодотворение
флакон,ладан
кадр,фотон
змеиный,экстравагантный
гиря,селекция
карабин,изыск
пытка,лупа
карточный,ингушский
незаурядный,новоявленный
типовой,брюшной
гормональный,тенистый
фармацевтический,долговязый
безобразный,единовременный
артистический,ветреный
пена,прерогатива
календарный,пузатый
тривиальный,неспешный
связной,надувной
искушение,сердцебиение
погибель,исключительность
отзывчивый,лакомый
расстановка,тахта
нора,вакцинация
наружность,эмаль
интернат,ропот
ротный,многомиллионный
косынка,ссадина
соорудить,изжить
веник,феодализм
чехол,аршин
давний,многосторонний
статический,литейный
языческий,символичный
дары,циклонов
прикольный,настоятельный
нездоровый,градостроительный
неприглядный,отопительный
воссоединение,легкомыслие
разгадка,капельница
необъяснимый,выборочный
инвестор,шмель
психотерапия,трясина
пластический,подконтрольный
ненавистный,киргизский
безоружный,типографский
вареньем,придатком
годный,керосиновый
неестественный,неудержимый
подтянутый,антропологический
отозвать,искоренить
антропология,варежка
двойственный,цементный
дачный,кровопролитный
спецслужба,рупия
безличный,голубоглазый
застава,тирада
рукоятка,эрозия
признательный,марийский
собратья,колосья
задушевный,вдумчивый
пьянка,лоджия
спрос,апофеоз
усилитель,изумруд
кафедральный,суетливый
дубль,катамаран
концертный,аномальный
антикварный,святейший
вымышленный,незваный
пылкий,приветственный
ярый,дефицитный
неглупый,холодильный
кассовый,растерянный
одобрение,умирание
коммутатор,разлом
повесть,наблюдательность
лживый,импровизированный
вилка,пневмония
преступник,карась
спасение,фехтование
погребение,самоуважение
юродивый,неприкосновенный
налаживаться,разниться
гимн,бастион
обрастать,дорожить
свиной,пороховой
кавалерия,отговорка
восхитительный,непроизвольный
наглядность,канифоль
утешение,скитание
выразительность,прорубь
санкция,кроссовка
преобладание,стояние
вторичный,министерский
овощной,потайной
указанный,полый
скромность,голень
косметический,нерадивый
преуспевать,вибрировать
слоновый,широкоплечий
скалистый,человечный
мотыга,помолвка
бредовый,апостольский
последовательность,жизнеспособность
реактивный,растворимый
уместный,хладнокровный
уязвимость,пядь
непроницаемый,мелочный
недвижимость,слякоть
охлаждать,петь
товар,полумесяц
шок,папоротник
неисправность,обоснованность
проницательность,сухость
лабиринт,экстракт
распознавать,загрязнять
автострада,расцветка
врач,мул
афинский,чудотворный
чемоданчик,карантин
ангельский,безвестный
беседка,пробежка
нюанс,скок
проектирование,зачисление
вторжение,месиво
лидер,пингвин
грамотный,лазурный
одеяло,помилование
форточка,сосулька
настойчивый,неправомерный
монастырский,незабвенный
столетний,убойный
кайф,бицепс
инвалидный,безвкусный
коленка,орхидея
жизнеспособный,шейный
бравый,нахальный
камин,бамбук
секретарь,грызун
вышивка,приправа
иудейский,противопожарный
настольный,новаторский
угловатый,заколдованный
свойственный,оправданный
туристский,стриженый
перегрузка,бяка
баталия,соя
носок,плющ
прогулка,аудиенция
брачный,чернильный
штамп,ост
движок,рационализм
приключенческий,сионистский
фасад,акциз
подлость,согласованность
салют,саботаж
хмурый,завистливый
переезд,папирус
башмак,антивирус
рыцарский,козий
трос,аккомпанемент
вспомогательный,плавучий
пурпурный,результативный
западня,шпана
протяжный,нецелесообразный
шлем,никотин
воспроизведение,смягчение
самка,баронесса
письменность,несовместимость
лицей,буран
подполья,волеизъявления
банальность,неровность
правильность,сонливость
ярость,фасоль
вздор,поджог
розыгрыш,склероз
редколлегия,перипетия
лирический,нежданный
настойчивость,лопасть
казна,индексация
скандинавский,неугодный
камушек,самообман
наркоз,подкуп
показание,земство
награда,дюна
торговаться,ускоряться
воскрешение,оповещение
состоятельный,испытанный
минутка,кожура
бриллиантовый,недоверчивый
наклейка,паства
коровий,несравненный
кажущийся,геройский
исправный,неотвратимый
зелень,причинность
флажок,центнер
выкупить,просрочить
апельсиновый,окаянный
дочь,лань
протестантский,кристаллический
космонавтика,спячка
пароль,гелий
пассаж,комиссариат
мальчишеский,летальный
прицельный,благосклонный
дисциплинарный,милейший
престол,бутон
сводный,фанатичный
бычий,низкорослый
работоспособность,множественность
провинциальный,башкирский
впечатление,средоточие
честность,гортань
безукоризненный,проворный
ловля,холера
цветовой,спусковой
трудоустройство,перевоплощение
переместиться,ввязаться
небрежный,миролюбивый
блондинка,наследница
гуща,клюква
звучащий,надуманный
иностранец,моллюск
печенье,побоище
перстень,геморрой
разработчик,дог
фургон,цинк
некрасивый,разносторонний
фреска,выпечка
патентный,неутешительный
жемчужина,болванка
тополь,плетень
признательность,копоть
яичница,вожжа
фольклорный,длинноногий
бездействовать,кряхтеть
отклик,натрий
презрительный,ладный
пытливый,экономный
печалью,лодочкой
рождественский,долларовый
наставление,соучастие
спад,стек
наследование,беспамятство
бесформенный,исполинский
экономичный,сморщенный
курок,шабаш
смешок,альтруизм
лавка,циркуляция
распятие,совершеннолетие
пригодный,многогранный
добавка,викторина
смертность,торжественность
компромиссный,богатырский
численность,известь
участница,куропатка
равноправный,бездетный
выручка,аминокислота
неутомимый,неоднородный
трусливый,ветхозаветный
фильм,сарафан
однородный,статный
канат,происки
ледокол,антракт
усталость,суровость
допущение,облачение
дискотека,жратва
стенд,овал
бесплодный,пахучий
действо,шуршание
жалованье,прибежище
преимущественный,ехидный
изобретение,перевооружение
вязкий,папский
анкета,пригоршня
посев,некролог
спектакль,кедр
нелепость,деликатность
кастрюля,аллегория
цирковой,судовой
царственный,атеистический
расшифровывать,пожирать
акцент,изотоп
удержание,послесловие
бульон,прииск
пряник,бриз
непреодолимый,интеллигентский
мусульманский,ископаемый
кофта,отгрузка
погоня,армада
ненаглядный,антисемитский
жвачка,софа
коробочка,лыжня
абсурд,императив
резиденция,девальвация
фарфор,напев
подача,высотка
согнуть,укоротить
подол,нюх
стрижка,петиция
сосиска,партитура
морщинистый,томатный
соборный,чахлый
пригородный,бежевый
утюг,фужер
опись,тревожность
идиот,ненец
многообещающий,оборванный
племенной,показной
прокладка,паранойя
дипломат,карп
собственность,требовательность
приветливый,органичный
падение,языкознание
ученица,львица
консоль,пряность
переправа,нейтрализация
погребальный,озимый
внешнеторговый,серный
обследование,лукавство
лай,шовинизм
портал,бочок
шеренга,афера
самовар,гостинец
присяга,комнатушка
хоккейный,снайперский
разгрузка,кириллица
баллистический,соединительный
маршрутный,невежливый
оговорка,демография
отрывок,нигилизм
штукатурка,неурядица
средиземный,яичный
крытый,баварский
карета,морфология
обособленный,авангардный
навязчивый,смирный
буфер,католицизм
изменчивый,спичечный
мраморный,застойный
ажурный,годичный
неуверенность,лей
параграф,краситель
передвижение,городишко
земский,сменный
кроткий,разительный
самодеятельность,брезгливость
желательный,безвозмездный
ассоциативный,талый
шнурок,экспромт
погружение,расслоение
давность,недопустимость
недостойный,синеватый
сорокалетний,вероятностный
штанина,порука
парень,кальмар
спелый,беспризорный
досада,башенка
фюзеляж,надрыв
прискорбный,мстительный
помещичий,незатейливый
поперечный,заспанный
бред,нокаут
работник,половец
экспедиционный,механизированный
осуждение,рыболовство
подготовительный,бревенчатый
непослушный,суетный
устремление,благодеяние
пропорциональный,грубоватый
изумительный,хреновый
отблеск,маникюр
люстра,черника
невыразимый,величавый
доблестный,мечтательный
настройка,модуляция
сладость,мякоть
неграмотный,щитовидный
пакость,урожайность
ураган,джем
свободный,крупнокалиберный
машиностроительный,мобилизационный
дружелюбный,самовольный
жизнедеятельность,оконечность
фиктивный,пальмовый
невзрачный,бригадный
среднеазиатский,сточный
караульный,драматичный
непроходимый,тщеславный
потеснить,приручить
гравюра,долька
субботний,пугливый
полоска,алхимия
полковой,хмельной
почтительный,степенный
приставка,антипатия
солидарный,маститый
тыльный,беззвучный
полуденный,ружейный
бесценный,поступательный
скупой,смотровой
теперешний,кислотный
замужество,фотографирование
курчавый,нерешительный
замысловатый,однополый
резонанс,шельф
подставной,штормовой
минута,пустышка
выздоровление,надгробие
зодиак,пат
значительность,задворки
американец,буйвол
факел,кипарис
вокзальный,изогнутый
нагорный,литровый
шина,оспа
противопоставление,томление
общероссийский,ближневосточный
сумеречный,незрелый
трусость,мигрень
простенький,радушный
карибский,алфавитный
возведение,предзнаменование
лимузин,драматизм
метровый,необузданный
служанка,дочурка
сантиметр,миокард
офицер,туркмен
эластичный,порядковый
обед,бордюр
хоровод,интеграл
сильный,многотысячный
безобразие,порицание
вычислить,разбомбить
немец,недоброжелатель
продавщица,саранча
заслуга,тушка
царь,пудель
резинка,варка
императорский,гоночный
ствол,мораторий
предприимчивый,мясистый
изречение,самообслуживание
щетина,фальшивка
разговорчивый,жилистый
драка,осина
кураж,томат
бамбуковый,непостоянный
стрела,иена
насмешливый,сытный
отчаянный,забитый
стоянка,мошонка
аристократический,негритянский
брошюра,пеня
неоновый,неправдоподобный
возня,одышка
сооружение,освидетельствование
пение,целомудрие
запрограммировать,застеклить
дизельный,оловянный
неважный,безвольный
шуточный,висячий
студент,чиж
миниатюра,трущоба
фрак,трагизм
дельный,топографический
сокровище,засилье
умножение,подлежащее
вытянутый,благодарственный
сдвинуть,облюбовать
широта,кочерга
касса,кобра
экспресс,кафель
заговор,диктат
окровавленный,полуголый
уныние,марево
сержант,коршун
реквизит,антагонизм
сходство,запустение
напрасный,утвердительный
нетрезвый,игральный
дивный,опрятный
пародия,манжета
вручение,замораживание
местечко,совокупление
чаепитие,рычание
молот,рык
пила,квартплата
товарищеский,вегетативный
треугольник,эликсир
каток,интернационализм
рацион,коровник
одноглазый,гречневый
нетерпимый,притворный
азбука,жатва
шест,царизм
задача,портьера
кабак,кофеин
семестр,злак
любезность,живучесть
визитка,богема
эффективность,настороженность
частица,термодинамика
бутыль,именины
ученический,облезлый
пашня,рассрочка
загрузка,сыворотка
машина,фора
асфальтовый,всегдашний
адресный,натянутый
контрреволюционный,неукротимый
александрийский,белобрысый
компетентность,темень
скульптурный,безалкогольный
аспирантура,рационализация
блюдце,увечье
девичий,недоуменный
избить,ужесточить
алтарь,коралл
владение,делегирование
мгновенный,безысходный
парковка,индукция
нерушимый,тракторный
сукин,несвойственный
перечисление,отрочество
треугольный,красноармейский
предпочтительный,игривый
биржа,дискредитация
якорь,желток
служение,злорадство
икона,компоновка
жадность,информированность
ножик,абонемент
чернокожий,фазовый
монолог,занос
гостиничный,бездумный
тракт,клубень
болт,преферанс
комплимент,арьергард
жалобный,спешный
македонский,гонимый
дверной,весовой
интегральный,аэродинамический
авантюрный,труднодоступный
сметана,нянечка
избитый,полукруглый
проход,фосфор
футляр,конгломерат
сброс,коллективизм
нешуточный,ностальгический
магнитофонный,брезгливый
нагреваться,сообщаться
горбатый,одобрительный
ватный,вздорный
бывалый,сберегательный
итоговый,ультрафиолетовый
ненужный,осмысленный
процесс,патриархат
иерархический,несогласный
дура,рептилия
ливень,аллерген
загробный,неписаный
сторожевой,ржаной
скобка,проказа
секундный,рыжеватый
лещ,корсар
листочек,арбитраж
породистый,аскетический
мартовский,кратный
чепуха,клякса
форменный,державный
блистательный,тактичный
рвота,арматура
кошмар,главк
хоровой,подвесной
нация,пуговка
невообразимый,благостный
благословенный,дидактический
песня,акватория
находчивый,высокогорный
скользкий,аморфный
россиянин,грач
хутор,полиэтилен
автобиографический,несвоевременный
противоестественный,пряный
естествознание,назидание
хижина,прогрессия
отработка,клиентура
аксессуар,реквием
экземпляр,абрикос
раскрытие,прославление
отрадный,прилежный
вещественный,сопредельный
правка,латиница
коллизия,кадка
жанровый,крикливый
вологодский,цилиндрический
неисправный,лобный
томительный,бесстыдный
интернациональный,сосудистый
резвый,вероломный
пассажир,бульдог
слуга,антипод
выстрел,раритет
багровый,рентабельный
подозрение,руно
дикость,виолончель
количественный,высокоточный
авианосец,конфуз
продовольствие,мочеиспускание
недосягаемый,трубный
часовня,киса
мизинец,аскетизм
комбинезон,оккультизм
материя,незабудка
линейка,геополитика
метафизический,певчий
покрытие,чиновничество
рывок,линолеум
гостевой,колдовской
кинофильм,молодняк
календарь,монолит
отдача,малярия
изоляция,триада
июльский,сногсшибательный
машинный,подсолнечный
потомственный,зубчатый
солома,онтология
покорный,размашистый
динамика,лагуна
захоронение,монашество
чуткий,невнимательный
экстаз,индуизм
плотский,набожный
коктейль,внедорожник
осмотр,лобок
религиозность,судимость
станок,магнетизм
горка,бородавка
лобовой,соляной
оздоровительный,комедийный
подростковый,горелый
тщеславие,свинство
трофей,пуп
переломный,кедровый
себестоимость,приятность
рынок,небосклон
ноябрьский,бесподобный
дифференциальный,курносый
ликвидация,картофелина
выигрышный,кремовый
небытие,бдение
соломинка,попойка
подвижной,луговой
елей,роб
просветительский,пренебрежительный
физкультура,анемия
нудный,услужливый
ноутбук,паритет
вербальный,непрошеный
сельдь,форель
рейс,токсин
финиш,метеор
корневой,узловой
шуточка,позолота
обитель,посредственность
содружество,ожесточение
раздельный,правомерный
пресный,суконный
огород,лаж
зарождение,правописание
общность,интеллигентность
лоток,апатит
нескромный,непререкаемый
библиотечный,проникнутый
свинцовый,наручный
беспокойство,олово
арктический,бессловесный
доступность,доверчивость
веер,смрад
порядочный,виртуозный
аптечный,опальный
гудок,акр
барабанный,оголтелый
похоронный,косматый
кукурузный,толстенький
категорический,двоякий
сигнальный,автотранспортный
затейливый,самоходный
осадок,бриг
нескрываемый,воинствующий
аргентинский,издевательский
петля,доярка
паркет,помои
оплошность,неверность
консультативный,отъявленный
обряд,аркан
незаменимый,расистский
привязанность,текучесть
комендантский,похотливый
протез,блеф
галька,хохма
миленький,умопомрачительный
безбрежный,земледельческий
свалка,консервация
актуальность,вентиль
гневный,якорный
бронза,кинематография
свадебный,надоедливый
методологический,среднемесячный
лисий,бесплотный
обслуживание,равноденствие
кладбищенский,баснословный
воздержание,кондиционирование
футболка,гинекология
глюкоза,укоризна
диапазон,бойкот
ветеринарный,центробежный
секретариат,гонг
банановый,придирчивый
штык,прутик
невесомый,вахтенный
мозговой,выхлопной
монолитный,безошибочный
порывистый,неустанный
комикс,паштет
грунт,шиш
бульварный,перламутровый
лом,абсолютизм
подбор,перешеек
необычайный,кощунственный
сустав,срам
фиксация,твердыня
податливый,кругосветный
восковой,подрывной
извилистый,кинетический
градус,газик
благотворный,нарочитый
неразличимый,ароматический
возбудителя,упырь
свиданье,снадобье
пузырь,компресс
экспозиция,механизация
сало,кощунство
ароматный,ползучий
пациент,петушок
зубастый,пришлый
двойка,плацента
застарелый,зоологический
общенародный,командировочный
надстройка,душка
разогревать,мучить
бесперспективный,сепаратистский
суета,редька
калибр,подснежник
кирпичный,предшествующий
редкость,немощь
превращение,аббатство
кружевной,хвостовой
орфографический,необозримый
призвание,стремя
пояс,тайфун
мгновение,прояснение
обладание,бесстрашие
жетон,вершок
неистребимый,северокорейский
маловероятный,безболезненный
стирка,рассада
профессорский,складный
ответный,мотивированный
дизайн,аппендицит
мойка,шифровка
городовой,пусковой
романс,эшафот
продуктивность,залежь
содержательный,безнаказанный
силуэт,дарвинизм
фонарный,возвратный
общенациональный,несусветный
численный,неуклонный
овца,кикимора
мираж,кокс
несущий,песенный
размах,оброк
яблочный,долгорукий
антенна,глухота
фигня,амуниция
улика,ряса
недвижимый,неприветливый
рассудок,полив
захват,нимб
дурак,беркут
репертуар,садизм
уборная,экспрессия
нечаянный,явственный
номенклатурный,экий
неугомонный,асимметричный
оспаривать,разъедать
добропорядочный,неприкрытый
смятение,оцепление
коврик,ландыш
склеп,субстрат
радиолокационный,несокрушимый
дополнения,удушья
прорезь,спесь
господство,лыко
велосипедный,бесхитростный
снабжения,веча
прожектор,колосс
евангельский,бордовый
протокольный,приметный
поцелуй,катар
виноградный,розоватый
бессрочный,глинистый
багажник,фронтон
худенький,гавайский
ревностный,рыбачий
скверный,начитанный
безжизненный,однократный
рябь,праздность
влагалище,новоселье
кошачий,выполнимый
корт,памфлет
баржа,прошивка
повелительный,набитый
оливковый,целомудренный
фабула,грыжа
описание,кораблекрушение
рассудительный,исполнительский
ущербный,наихудший
звено,вымя
обобщение,терзание
поэт,лошак
равносильный,ломкий
именной,шаровой
колея,унция
карнавальный,неправедный
резьба,ямочка
противник,скворец
обаяние,омерзение
символика,арфа
авантюра,риза
заплаканный,нескладный
гость,варяг
цветастый,отверженный
осанка,оперетта
вводный,упитанный
антифашистский,неказистый
погашение,новаторство
презренный,гостиный
восьмилетний,благообразный
свинец,некрополь
специальностей,ступ
заклинание,омовение
координационный,чукотский
чокнутый,деловитый
казарма,зоология
сплетня,обедня
пространный,вкрадчивый
вещий,бенгальский
отражать,восполнять
свеча,папаха
посольский,подведомственный
профиль,магний
чудный,законченный
общепризнанный,двуглавый
неоправданный,напористый
музыкант,зубр
отпечаток,калач
предок,молдаванин
взмах,песчаник
прения,сопереживание
воинственный,заведомый
истребление,просторечие
эквивалентный,противоракетный
грядущий,боеспособный
устав,углеводород
недостающий,ненецкий
позитив,подшипник
грузовая,пакистанская
неистовый,неслышный
клочки,метеорологи
прибалтийский,продвинутый
предосудительный,расстроенный
баррикада,телефония
глубь,скупость
неглубокий,обманный
гордыня,статика
допотопный,ненадлежащий
сопутствующий,разделительный
безделушка,толчея
навоз,кальян
столбик,вояж
матерный,носатый
тропинка,симуляция
серп,нарыв
сугроб,омлет
бездушный,земноводный
трудоспособный,вороний
скамейка,редиска
вымысел,синдикат
игорный,потухший
дробный,оркестровый
провокационный,дагестанский
добавочный,платонический
зловещий,сивый
секретарша,прачка
журналистика,сварка
неоднократный,самонадеянный
куцый,патриарший
декоративный,рубиновый
показатель,ставень
высохший,покатый
критиковать,гнести
вышеназванный,гидравлический
госпитальный,двукратный
инфраструктура,сбруя
арифметический,безногий
готический,манящий
слог,кантон
светофор,чуб
материалистический,обидчивый
обход,анамнез
нрав,манускрипт
электроэнергия,махорка
контора,брусника
дедушка,осьминог
жестяной,передвижной
управляющий,жлоб
сериал,кремень
орлиный,картографический
стык,сапфир
неотразимый,резонный
рыбацкий,прожорливый
фунт,милитаризм
помада,вакханалия
оргазм,растворитель
видеомагнитофон,гной
незнакомка,гнида
атмосферный,обитаемый
сброд,клитор
упорный,кокетливый
распоряжение,противоядие
невестка,маца
раздражительный,холостяцкий
написание,окисление
начальство,вкрапление
скрипучий,рудный
гайка,эпиграмма
почва,лиственница
вдохновенный,поголовный
рваный,сейсмический
артиллерия,коррозия
пошлость,санчасть
неприличный,истекший
внебрачный,совещательный
причастие,озлобление
богородица,покойница
рыболовный,павший
живучий,самодержавный
семантический,слабоумный
водочный,травянистый
эстрадный,конический
вред,кремний
болгарский,начальственный
феодальный,пунцовый
реалистический,пухленький
ящик,агат
бортовой,плечевой
старательный,неравномерный
передовая,хризантема
сносный,конторский
дочка,пассия
разоблачение,склонение
общественности,стенокардии
транзитный,неумный
бескорыстный,проникновенный
вековых,геофизических
сатирический,дымчатый
восприимчивый,англосаксонский
лидерство,солнцестояние
охранный,лаковый
финском,пушке
безвыходный,отделочный
выполнение,благовещение
сельскохозяйственный,предполагаемый
костыль,аргон
грамотность,повторяемость
подход,миндаль
запрещение,добродушие
персонаж,баклан
реликвия,химчистка
прошение,мщение
изобретательный,дословный
крейсер,сель
иголка,кастрация
шальной,витой
скотина,анаконда
волосок,презент
выдумка,маслина
извращение,автомагистраль
тропический,исполненный
духовка,мешанина
алчный,беспочвенный
верховой,черепной
послушание,восхваление
состязание,кровоизлияние
текучий,романский
пользователь,сурок
маскировка,метрика
кустарник,антидепрессант
собеседование,промывание
проницательный,беспрепятственный
отпор,бронхит
ужин,полустанок
младенец,славянофил
вентиляционный,прихотливый
пирс,бекон
бородатый,цинковый
фундамент,артрит
транс,свинарник
тренерский,соразмерный
погрузка,пантомима
народность,безмятежность
габарит,катехизис
майка,незадача
уклон,кварц
сладостный,кристальный
кобура,мультипликация
бренный,мужицкий
непроглядный,гетеросексуальный
пирожное,непослушание
тендер,маргарин
набережная,тигрица
водохранилище,чистилище
головка,солянка
забвение,водоизмещение
орешек,рикошет
терпимость,жабры
спекулятивный,предусмотрительный
кот,хариус
просвет,абсент
высылка,парча
заячий,обворожительный
зрелище,безденежье
бокал,скипетр
чемпионский,бестактный
диагностический,замшелый
бесчеловечный,надводный
ведьма,наставница
туалетный,неразрывный
миной,онкологией
указательный,многословный
шифр,вазелин
второстепенный,конъюнктурный
течение,миро
татуировка,крупинка
чердак,ксенон
прихожая,сублимация
топография,компьютеризация
похмелье,плоскогорье
этюд,конденсат
малиновый,слышимый
дотошный,ненастный
предупреждение,наделение
катушка,платина
ртутный,полуоткрытый
железобетонный,неизмеримый
фартук,лиман
самоуверенность,лазурь
сведущий,мастерский
простор,можжевельник
кинематографический,шипящий
созвучный,поправимый
смещение,недержание
рутина,амфора
строевой,среднегодовой
условие,градостроительство
внешнеэкономический,моложавый
врачебный,страдальческий
серийный,стыдливый
родинка,натуга
взаимовыгодный,словацкий
полномочный,веснушчатый
загрязнение,слагаемое
первобытный,замедленный
купальник,рассол
степной,гнедой
рояль,субтитр
трепетный,индонезийский
недостижимый,клейкий
пневматический,эротичный
предрассудок,кляп
дама,украинка
царапина,космология
дальность,порочность
обаятельный,пористый
ремонтный,термический
кишка,телятина
изнасилование,подданство
многоэтажный,иноязычный
предостережение,местожительство
журнальный,сладострастный
пошлый,беззаветный
портфель,протекторат
продажный,подследственный
малюсенький,антропоморфный
новинка,анафема
заповедный,алгебраический
навигационный,брюссельский
слобода,конверсия
створка,оладья
сентиментальный,кровельный
носик,окорок
неисчерпаемый,квашеный
радужный,сочувственный
заокеанский,обрывистый
поэтика,наковальня
постный,клеветнический
пельмень,неологизм
узенький,лиственный
приземистый,глагольный
ренессанс,пигмент
пасхальный,раздражающий
хронологический,привередливый
посвящение,ханство
униформа,рекогносцировка
парадный,пуховый
виток,столбняк
сливки,интимность
подошва,изжога
гостья,гиена
балтийский,курдский
кормушка,самокритика
ругань,шероховатость
тридцатилетний,люминесцентный
кратчайший,плешивый
инвентарь,ацетон
публицистический,полимерный
изнеможение,ханжество
епархиальный,аутентичный
крещение,накаливание
вступление,обезболивание
преемственность,вязкость
универсальность,стыдливость
вексель,вареник
капустный,шампанский
эскадрилья,баланда
регламент,батискаф
колбасный,предположительный
галстук,многоугольник
нагой,осевой
кошмарный,покинутый
застывший,покаянный
канонический,глубоководный
многовековой,литой
миссионерский,заносчивый
затылок,пудинг
беззубый,аллегорический
пролетарский,ступенчатый
затея,клоунада
ухоженный,ослиный
замочный,человекообразный
кондиционер,херес
придорожный,пунктуальный
бараний,антивоенный
девушка,пантера
юбилейный,ординарный
выкуп,плинтус
сэр,лосось
синяк,ромб
револьвер,бархан
прокатный,бережливый
экспедиция,горошина
важность,шаровары
негласный,увеличительный
сокровенный,везучий
аккорд,глинтвейн
очищение,герцогство
шаблон,гейзер
пикантный,правомочный
типография,воровка
союзник,альбатрос
клин,вереск
макушка,артикуляция
канон,волдырь
коммуникативный,краснокожий
погреб,поперечник
барский,понятливый
председатель,лилипут
половинка,аберрация
броненосец,самородок
странствие,успение
завеса,икота
неотделимый,тектонический
астрология,обмотка
беспрецедентный,незамедлительный
лиловый,антарктический
небрежность,гармонь
скрытный,горделивый
исповедь,свирель
русификация,картография
взыскание,древко
мемориал,реактив
переулок,полмиллиона
шайка,серенада
закономерностей,галер
поверхность,неоднородность
подборка,аритмия
булавка,волынка
шпионский,злопамятный
эгоизм,ватман
ожерелье,раздолье
модуль,мышьяк
двухместный,неподкупный
жребий,лютик
дворцовый,поваренный
могильный,нержавеющий
демонстративный,всемерный
нанесение,соцветие
ботанический,водянистый
плитка,ольха
пустяковый,отсутствующий
директорский,порожний
монументальный,увядший
командир,сексолог
тренер,вепрь
интервал,дебет
ассортимент,копчик
красавица,плотва
новелла,черешня
дождевой,снеговой
непосильный,стариковский
платиновый,обратимый
изящество,прелюбодеяние
торт,желвак
бесстыжий,червонный
маркетинг,сочельник
отвесный,неприязненный
сопротивление,урчание
мышиный,безрукий
уродливый,иллюстрированный
мишень,пунктуальность
путаница,зубочистка
мерка,котловина
противовоздушный,внесудебный
загс,сандвич
зарядка,какофония
писательский,деревообрабатывающий
студентка,боярыня
веточка,неполнота
оправдание,сухожилие
помеха,ампутация
ненормальный,помпезный
позапрошлый,дилетантский
терминология,аппликация
трактир,карамель
гимназический,претенциозный
брезентовый,почвенный
бесшабашный,контейнерный
охотник,выхухоль
строительство,бабло
обложка,саванна
финал,градиент
святыня,тога
трап,кворум
скоростной,дровяной
очко,испражнение
одеколон,ясень
талисман,пируэт
азарт,зев
заглавие,упрочение
обоз,флюид
давешний,нерукотворный
конус,смак
предосторожность,брошь
перевал,галлон
шарф,студень
инфекционный,околоземный
декрет,корь
лава,абсорбция
рельс,морс
огородный,неразговорчивый
неторопливый,неукоснительный
бесчувственный,крахмальный
плацдарм,аммиак
непригодный,однорукий
нищенский,тлетворный
беззаботный,боязливый
зажигательный,бездыханный
презрение,стропило
невиновность,отповедь
противопоказанный,сухощавый
ивановский,эмалированный
универмаг,каннибализм
косяк,метастаз
доверие,орошение
неуместный,старушечий
запчасть,надменность
жена,косуля
светский,сосредоточенный
белоснежный,петушиный
реакционный,бесполый
лихо,конфуцианство
читательский,изношенный
подписка,тщета
серенький,промысловый
исключение,придыхание
пчела,христианка
отделка,ужимка
истерический,удмуртский
крона,отара
благоразумный,мертвенный
гнусный,злорадный
гул,тын
пятилетка,усобица
апокалипсис,шарнир
береговое,расширенное
истощение,озеленение
охват,посул
временный,нечастый
доспехи,чертополох
баскетбольный,кабардинский
исполнение,сопло
клавиша,хунта
противовес,префикс
бабий,рьяный
плавник,навет
спецификация,година
гороховый,импозантный
поджарый,троюродный
гамма,профессура
взятка,халва
легкомысленный,уклончивый
крушение,мусульманство
опровержение,решето
упругий,согласованный
муравьиный,невоспитанный
кувшин,кобальт
бугор,статут
кавычка,опочивальня
колокольный,разгневанный
гороскоп,медосмотр
ограда,дистрофия
рейд,ребус
шляпка,подкормка
квартирный,шероховатый
штрих,неон
лавровый,испорченный
скидка,борона
незабываемый,ионный
майор,спаниель
трофейный,разрешимый
удочка,экзема
гарантийный,ребячий
мальчишка,фазан
сан,анабиоз
вагонный,уравновешенный
выселение,здравомыслие
индейский,ворчливый
путный,ясновидящий
терпимый,примирительный
стук,радий
формальность,машинопись
закулисный,пустячный
восторженный,флегматичный
сотка,желтуха
звон,вермут
мельница,астра
стая,аорта
практиковать,ужесточать
хозяин,пикетчик
парный,безотказный
путеводитель,грейпфрут
жареный,калмыцкий
акварель,хоругвь
инертный,индоевропейский
монтаж,инжир
гласность,упряжь
справочник,солод
походный,одноногий
композиционный,прославленный
уборщица,куница
разность,специфичность
земляной,младой
мыльный,суховатый
дрожь,окаменелость
непредвиденный,лимфатический
медовый,присутственный
занавес,пестик
утомительный,безосновательный
резервуар,контрабас
скрипка,абракадабра
вдох,кулуары
пророческий,одинарный
подступ,початок
караул,сельдерей
самоуверенный,вьючный
беспросветный,внутривенный
костяной,лепной
сборный,существительный
недвусмысленный,безвозвратный
жевательный,подветренный
расширение,забрало
капюшон,адюльтер
визг,ингибитор
колокол,шпинат
бескровный,маринованный
ввод,космополитизм
бессовестный,выжидательный
тряпка,мирра
беспощадный,пессимистичный
пленум,зефир
банный,льстивый
водосточный,распутный
аморальный,сирый
вселенский,курительный
вьетнамский,мозолистый
свинья,заявительница
самодельный,буквенный
отеческий,коллегиальный
эмигрантский,увечный
выходка,розга
удостоверение,кипячение
благодать,кислотность
бандитский,плаксивый
переживание,культивирование
дробь,вермишель
близорукий,лесбийский
матросский,никелированный
княгиня,сойка
продолжение,папство
притязание,сгущение
вентилятор,троцкизм
невинность,обрядность
бессмыслица,физиотерапия
звериный,босоногий
мэр,шавка
постройка,магма
лимонный,бухарский
сердобольный,альтруистический
небогатый,макаронный
кишечный,необработанный
подвал,дукат
хрустальный,взволнованный
поясница,фантасмагория
холеный,уничижительный
изгиб,дубок
фотоаппарат,бивень
психолог,лемур
шеф,снеговик
мрак,пунш
колода,патетика
банда,теософия
настоящий,бобовый
боец,неуч
мохнатый,обольстительный
посуда,инсинуация
арка,деспотия
вавилонский,беспошлинный
зной,намаз
лепить,отчуждать
худощавый,хлопотливый
телесный,полузабытый
черновой,многоцелевой
экономия,плева
реал,нефрит
муравейник,авантюризм
первенство,молозиво
плодородный,непромокаемый
шапочка,метрология
флотский,герметический
кооператив,гамбит
юбка,гонорея
насмешка,лесопилка
хозяйка,каракатица
коттедж,холодец
изолятор,спринт
директор,подкидыш
буфет,кумыс
карниз,твист
амнистия,вагонетка
карликовый,древовидный
карий,алгоритмический
предсмертный,затылочный
роща,милитаризация
уборка,рессора
ускоренный,маньчжурский
депозит,боярышник
нотный,сговорчивый
представитель,москит
ореховый,подавленный
всенародный,расслабленный
гардероб,аккредитив
телеэкран,педикюр
тара,электротехника
жилет,имбирь
неприметный,словообразовательный
вопль,тропик
поспешность,уместность
заключение,злато
грохот,злотый
синагога,ежевика
юрист,гепард
эстрада,акробатика
поводок,гербарий
хулиганский,трубчатый
плед,подорожник
олений,неотступный
неосуществимый,подрядный
заурядный,сыновний
имущественный,взбалмошный
шоссейный,несговорчивый
фестивальный,изобильный
черепаха,деревенщина
соседка,антилопа
помысел,тромб
стужа,чалма
объявление,отпевание
кредиторский,бронебойный
самолюбие,сочленение
ангел,дикобраз
певица,малиновка
юноша,гиппопотам
замешательство,проворство
рукописный,родословный
выборка,дамка
строптивый,абрикосовый
посох,грешок
аристократия,прищепка
землянка,каллиграфия
презерватив,квазар
благочестивый,встревоженный
драный,ребяческий
проступок,гарпун
бухгалтерия,этиология
овечий,болезнетворный
тетрадка,спаржа
словарный,лесопильный
начинка,подагра
малочисленный,бракоразводный
ничтожный,продуманный
потребитель,сиг
ворох,санскрит
прозаический,делимый
профессор,сыч
участник,русак
прикрытие,завихрение
кроватка,стратосфера
беспечность,иконопись
исковой,броневой
возобновление,бахвальство
латиноамериканский,преодолимый
амулет,оползень
наследственный,потрясный
ужасающий,превратный
январский,ультраправый
безоблачный,апатичный
панельный,перистый
гусли,снедь
палата,недоимка
предписание,пресмыкающееся
узор,слалом
бумажник,синус
хозяйство,долготерпение
темпераментный,односложный
пучок,монотеизм
стеснительный,бирманский
урожай,сфинктер
пометка,гардина
наваждение,прикрепление
супружеский,заброшенный
позволение,подстрекательство
эффектный,единогласный
предназначение,антивещество
погодный,устарелый
унитаз,крокус
доморощенный,беспрестанный
няня,непоседа
бокс,германий
лохматый,старославянский
сутулый,алжирский
разбойничий,неустрашимый
тонкость,беспристрастность
репортаж,лейкоз
шквал,медяк
обстоятельный,участливый
включение,приборостроение
благоустроенный,чудаковатый
полосатый,соизмеримый
неприхотливый,именительный
седина,палеонтология
фея,макака
смазка,психопатология
бегство,неподчинение
составление,сродство
очерк,рудимент
колокольчик,агностицизм
корреспонденция,катаракта
китаец,мастодонт
каторжный,палеонтологический
абзац,мусс
приступ,марганец
водопровод,спич
вождь,бекас
родитель,бурундук
строение,умопомрачение
безналичный,высокохудожественный
придаточный,церковнославянский
ограничительный,диалектный
хромой,ножной
милосердие,перенаселение
малоизвестный,щучий
значок,позитрон
гипноз,акведук
ввоз,глицерин
планомерный,бесповоротный
герб,дециметр
предохранитель,хрящ
заказной,вихревой
манежный,проходимый
бюллетень,атолл
первоклассный,эпидемический
прокат,планктон
эксплуатационный,уменьшительный
постель,непорочность
дубинка,мазурка
переподготовка,шарада
долговечный,чинный
абстракция,оливка
распря,коврижка
легендарный,проверенный
обвинение,многословие
терпкий,эпидемиологический
затяжной,горловой
десерт,буй
шрифт,муссон
арифметика,алебарда
полицейского,павиан
всесильный,готский
детдом,зачин
образцовый,завершающий
рычаг,молибден
струйка,житница
капот,дефис
правдоподобный,скованный
бизнесмен,пескарь
удивление,безветрие
всесторонний,подобострастный
тираж,тезаурус
сводка,гондола
кругленький,межгалактический
льдина,краснуха
контур,базальт
катер,эдельвейс
высота,рокировка
родня,бадья
созидательный,игристый
оклад,инфинитив
пленительный,туземный
апелляционный,быстроходный
лавина,осанна
развязка,сардина
часовой,берестяной
гибельный,полированный
подушечка,переменка
троица,азалия
резкость,набожность
конкурент,аллигатор
гортанный,изнеженный
припадок,неф
туркменский,неодобрительный
бессильный,амурный
звучание,безбрачие
хомяк,угольщик
калькулятор,кильватер
миг,псалтырь
кленовый,компанейский
обет,ятаган
щелчок,авиаотряд
бриллиант,вотум
глобус,обтекатель
пуск,нарзан
усердный,методичный
зверский,модальный
папироса,лемма
осуществимый,боснийский
кровожадный,вогнутый
старт,гербицид
майорат,парафин
цистерна,подноготная
стержень,пантеизм
тибетский,обшарпанный
усовершенствование,каление
электростанция,драхма
титан,нокдаун
полупрозрачный,аэробный
терминал,азимут
вагон,оникс
организатор,зяблик
трубопровод,асбест
влага,запеканка
воротник,вольфрам
клык,фокстрот
мифологический,синеглазый
датчик,надир
каморка,простокваша
кукольный,пробковый
конвейерный,членораздельный
баночка,военщина
достояние,вегетарианство
сообразительный,словенский
стройка,аллитерация
флейта,мошкара
разложение,фермерство
зонт,абрис
приют,дубляж
рентген,зуммер
кузов,заморозок
танец,полиомиелит
коронный,безотрадный
вымогательство,поветрие
напор,антиген
наглость,латунь
увесистый,глумливый
понижение,обожествление
выписка,баллистика
обходительный,тяговый
прихоть,перегруз
мистер,рогоносец
усвоение,приписывание
соус,антитезис
штучка,теократия
отбой,сидр
учительский,многоязычный
сентябрьский,разнузданный
реконструкция,лимфа
инженер,басмач
ленточный,докучливый
кромка,барщина
неуправляемый,солоноватый
изыскание,крошево
пристальный,собственноручный
производитель,ибис
лошадка,настоятельница
трактат,луноход
связующий,безволосый
вологжанин,зампред
суеверный,винодельческий
выпуск,баобаб
арсенал,мальчишник
матушка,жадина
субсидия,утайка
пансион,панегирик
розетка,анаграмма
факс,ильм
свист,мартиролог
простительный,спесивый
странность,недействительность
немногословный,грудастый
двигательный,мясницкий
почечный,неподатливый
номинальный,озадаченный
вольность,проницаемость
конституция,европеизация
репродукция,диффамация
комический,пресноводный
программист,палтус
выговор,реагент
астрономия,пуховка
непреложный,голосистый
бумажка,титька
откровенность,абстрактность
бдительность,изморозь
ситцевый,аристократичный
курган,энцефалит
комфортабельный,уйгурский
достижимы,далеки
рулетка,росомаха
снисходительный,укоризненный
ориентир,стейк
диспетчерский,благовонный
корреспондент,библиофил
укус,лемех
подвальный,непреднамеренный
рентабельность,культурность
судейский,санскритский
лучевой,буровой
алый,всевидящий
эмиссия,требуха
пауза,аннигиляция
коммунист,негритос
гарнизон,лимфоцит
